USE HospitalDB;
SET FOREIGN_KEY_CHECKS = 0;
TRUNCATE TABLE Doctor_Schedule;
TRUNCATE TABLE Bill;
TRUNCATE TABLE Room;
TRUNCATE TABLE Appointment;
TRUNCATE TABLE Medical_History;
TRUNCATE TABLE Prescription;
TRUNCATE TABLE Medicine;
TRUNCATE TABLE Insurance;
TRUNCATE TABLE Lab_Screening;
TRUNCATE TABLE Payroll;
TRUNCATE TABLE Emergency_Contact;
TRUNCATE TABLE Nurse;
TRUNCATE TABLE Doctor;
TRUNCATE TABLE Staff;
TRUNCATE TABLE Department;
TRUNCATE TABLE Patient;
INSERT INTO Patient VALUES (1, 'Vivaan', 'Sharma', '9721889868', 'B+', 'vivaan.sharma1@hospital.in', 'Other', 'Hypertension');
INSERT INTO Patient VALUES (2, 'Aditya', 'Sharma', '9148167600', 'AB-', 'aditya.sharma2@hospital.in', 'Male', 'Asthma');
INSERT INTO Patient VALUES (3, 'Vivaan', 'Thomas', '9712075190', 'AB+', 'vivaan.thomas3@hospital.in', 'Male', 'Asthma');
INSERT INTO Patient VALUES (4, 'Aditya', 'Patel', '9211941761', 'B-', 'aditya.patel4@hospital.in', 'Female', 'Healthy');
INSERT INTO Patient VALUES (5, 'Aarav', 'Patel', '9212451102', 'O+', 'aarav.patel5@hospital.in', 'Other', 'Hypertension');
INSERT INTO Patient VALUES (6, 'Diya', 'Reddy', '9206074641', 'A-', 'diya.reddy6@hospital.in', 'Female', 'Hypertension');
INSERT INTO Patient VALUES (7, 'Aarav', 'Iyer', '9563902449', 'B+', 'aarav.iyer7@hospital.in', 'Female', 'Hypertension');
INSERT INTO Patient VALUES (8, 'Aditya', 'Singh', '9860793790', 'B-', 'aditya.singh8@hospital.in', 'Male', 'Hypertension');
INSERT INTO Patient VALUES (9, 'Isha', 'Kumar', '9133658263', 'A+', 'isha.kumar9@hospital.in', 'Female', 'Healthy');
INSERT INTO Patient VALUES (10, 'Isha', 'Mehta', '9870788399', 'O+', 'isha.mehta10@hospital.in', 'Female', 'Healthy');
INSERT INTO Patient VALUES (11, 'Vihaan', 'Singh', '9209365569', 'AB-', 'vihaan.singh11@hospital.in', 'Other', 'Healthy');
INSERT INTO Patient VALUES (12, 'Ananya', 'Reddy', '9913443871', 'AB-', 'ananya.reddy12@hospital.in', 'Male', 'Hypertension');
INSERT INTO Patient VALUES (13, 'Diya', 'Kumar', '9194441444', 'O+', 'diya.kumar13@hospital.in', 'Male', 'Asthma');
INSERT INTO Patient VALUES (14, 'Diya', 'Mehta', '9767701765', 'AB+', 'diya.mehta14@hospital.in', 'Other', 'Diabetes');
INSERT INTO Patient VALUES (15, 'Aarav', 'Reddy', '9285061376', 'A-', 'aarav.reddy15@hospital.in', 'Male', 'Healthy');
INSERT INTO Patient VALUES (16, 'Diya', 'Mehta', '9653568607', 'A-', 'diya.mehta16@hospital.in', 'Other', 'Healthy');
INSERT INTO Patient VALUES (17, 'Ananya', 'Kumar', '9395473690', 'B+', 'ananya.kumar17@hospital.in', 'Other', 'Diabetes');
INSERT INTO Patient VALUES (18, 'Saanvi', 'Mehta', '9934208032', 'AB-', 'saanvi.mehta18@hospital.in', 'Other', 'Hypertension');
INSERT INTO Patient VALUES (19, 'Aarav', 'Singh', '9686633203', 'B-', 'aarav.singh19@hospital.in', 'Female', 'Asthma');
INSERT INTO Patient VALUES (20, 'Saanvi', 'Patel', '9296509004', 'O-', 'saanvi.patel20@hospital.in', 'Female', 'Hypertension');
INSERT INTO Patient VALUES (21, 'Isha', 'Gupta', '9371478981', 'A-', 'isha.gupta21@hospital.in', 'Male', 'Healthy');
INSERT INTO Patient VALUES (22, 'Vivaan', 'Gupta', '9686003294', 'A+', 'vivaan.gupta22@hospital.in', 'Male', 'Healthy');
INSERT INTO Patient VALUES (23, 'Arjun', 'Gupta', '9859230401', 'AB-', 'arjun.gupta23@hospital.in', 'Other', 'Hypertension');
INSERT INTO Patient VALUES (24, 'Vivaan', 'Verma', '9585312845', 'O+', 'vivaan.verma24@hospital.in', 'Other', 'Asthma');
INSERT INTO Patient VALUES (25, 'Sai', 'Mehta', '9621797043', 'O+', 'sai.mehta25@hospital.in', 'Other', 'Hypertension');
INSERT INTO Patient VALUES (26, 'Diya', 'Singh', '9443049277', 'AB+', 'diya.singh26@hospital.in', 'Female', 'Asthma');
INSERT INTO Patient VALUES (27, 'Isha', 'Kumar', '9996616130', 'O+', 'isha.kumar27@hospital.in', 'Male', 'Asthma');
INSERT INTO Patient VALUES (28, 'Diya', 'Patel', '9967936149', 'A+', 'diya.patel28@hospital.in', 'Female', 'Diabetes');
INSERT INTO Patient VALUES (29, 'Aditya', 'Thomas', '9900613803', 'O+', 'aditya.thomas29@hospital.in', 'Male', 'Asthma');
INSERT INTO Patient VALUES (30, 'Aditya', 'Sharma', '9404203803', 'AB+', 'aditya.sharma30@hospital.in', 'Male', 'Hypertension');
INSERT INTO Patient VALUES (31, 'Aditya', 'Iyer', '9394286919', 'A+', 'aditya.iyer31@hospital.in', 'Other', 'Healthy');
INSERT INTO Patient VALUES (32, 'Isha', 'Sharma', '9069661807', 'O-', 'isha.sharma32@hospital.in', 'Female', 'Hypertension');
INSERT INTO Patient VALUES (33, 'Isha', 'Sharma', '9568188708', 'AB-', 'isha.sharma33@hospital.in', 'Female', 'Hypertension');
INSERT INTO Patient VALUES (34, 'Aarav', 'Sharma', '9422658418', 'AB-', 'aarav.sharma34@hospital.in', 'Other', 'Diabetes');
INSERT INTO Patient VALUES (35, 'Vivaan', 'Sharma', '9820068773', 'AB+', 'vivaan.sharma35@hospital.in', 'Female', 'Healthy');
INSERT INTO Patient VALUES (36, 'Saanvi', 'Reddy', '9932798982', 'AB+', 'saanvi.reddy36@hospital.in', 'Other', 'Diabetes');
INSERT INTO Patient VALUES (37, 'Diya', 'Patel', '9122872368', 'B-', 'diya.patel37@hospital.in', 'Other', 'Diabetes');
INSERT INTO Patient VALUES (38, 'Vivaan', 'Verma', '9427715663', 'B-', 'vivaan.verma38@hospital.in', 'Male', 'Diabetes');
INSERT INTO Patient VALUES (39, 'Vivaan', 'Verma', '9476953961', 'AB-', 'vivaan.verma39@hospital.in', 'Other', 'Hypertension');
INSERT INTO Patient VALUES (40, 'Diya', 'Mehta', '9951440599', 'B-', 'diya.mehta40@hospital.in', 'Other', 'Hypertension');
INSERT INTO Patient VALUES (41, 'Diya', 'Reddy', '9216316697', 'AB+', 'diya.reddy41@hospital.in', 'Other', 'Asthma');
INSERT INTO Patient VALUES (42, 'Aditya', 'Kumar', '9601660142', 'O-', 'aditya.kumar42@hospital.in', 'Male', 'Diabetes');
INSERT INTO Patient VALUES (43, 'Aarav', 'Mehta', '9890134235', 'A-', 'aarav.mehta43@hospital.in', 'Other', 'Asthma');
INSERT INTO Patient VALUES (44, 'Saanvi', 'Iyer', '9768239303', 'A+', 'saanvi.iyer44@hospital.in', 'Other', 'Healthy');
INSERT INTO Patient VALUES (45, 'Aarav', 'Sharma', '9311599489', 'AB+', 'aarav.sharma45@hospital.in', 'Male', 'Diabetes');
INSERT INTO Patient VALUES (46, 'Vihaan', 'Iyer', '9764231364', 'B-', 'vihaan.iyer46@hospital.in', 'Female', 'Hypertension');
INSERT INTO Patient VALUES (47, 'Aarav', 'Kumar', '9727782719', 'O+', 'aarav.kumar47@hospital.in', 'Female', 'Asthma');
INSERT INTO Patient VALUES (48, 'Vihaan', 'Sharma', '9078469930', 'O-', 'vihaan.sharma48@hospital.in', 'Female', 'Diabetes');
INSERT INTO Patient VALUES (49, 'Aditya', 'Reddy', '9277182124', 'B-', 'aditya.reddy49@hospital.in', 'Female', 'Asthma');
INSERT INTO Patient VALUES (50, 'Arjun', 'Reddy', '9782935335', 'A-', 'arjun.reddy50@hospital.in', 'Male', 'Healthy');
INSERT INTO Staff VALUES (1, 'Isha', 'Verma', '2025-04-23', '2025-07-26', 'isha.verma1@hospital.in', '330, Anna Salai, Kolkata', 2, 'Male');
INSERT INTO Staff VALUES (2, 'Aarav', 'Patel', '2025-05-05', '2025-11-22', 'aarav.patel2@hospital.in', '436, VT Road, Hyderabad', 2, 'Male');
INSERT INTO Staff VALUES (3, 'Ananya', 'Mehta', '2025-05-05', '2026-01-11', 'ananya.mehta3@hospital.in', '867, Mahapalika Marg, Kolkata', 1, 'Other');
INSERT INTO Staff VALUES (4, 'Saanvi', 'Verma', '2025-05-28', '2025-08-18', 'saanvi.verma4@hospital.in', '829, Park Street, Bengaluru', 5, 'Female');
INSERT INTO Staff VALUES (5, 'Aditya', 'Patel', '2025-05-27', '2026-03-21', 'aditya.patel5@hospital.in', '361, Linking Road, Chennai', 2, 'Other');
INSERT INTO Staff VALUES (6, 'Aarav', 'Iyer', '2025-04-11', '2025-06-18', 'aarav.iyer6@hospital.in', '695, JM Road, Delhi', 4, 'Male');
INSERT INTO Staff VALUES (7, 'Aarav', 'Mehta', '2025-04-07', '2025-12-20', 'aarav.mehta7@hospital.in', '442, Park Street, Chennai', 4, 'Female');
INSERT INTO Staff VALUES (8, 'Aarav', 'Patel', '2025-04-20', '2026-03-03', 'aarav.patel8@hospital.in', '633, Linking Road, Hyderabad', 3, 'Other');
INSERT INTO Staff VALUES (9, 'Isha', 'Gupta', '2025-05-22', '2026-03-03', 'isha.gupta9@hospital.in', '311, JM Road, Ahmedabad', 1, 'Other');
INSERT INTO Staff VALUES (10, 'Isha', 'Verma', '2025-05-05', '2025-09-29', 'isha.verma10@hospital.in', '516, Linking Road, Bengaluru', 5, 'Female');
INSERT INTO Staff VALUES (11, 'Sai', 'Singh', '2025-04-10', '2025-12-18', 'sai.singh11@hospital.in', '839, Linking Road, Ahmedabad', 2, 'Female');
INSERT INTO Staff VALUES (12, 'Sai', 'Singh', '2025-04-28', '2025-10-14', 'sai.singh12@hospital.in', '800, MG Road, Mumbai', 1, 'Female');
INSERT INTO Staff VALUES (13, 'Ananya', 'Mehta', '2025-04-27', '2026-03-21', 'ananya.mehta13@hospital.in', '357, Brigade Road, Lucknow', 2, 'Female');
INSERT INTO Staff VALUES (14, 'Saanvi', 'Gupta', '2025-05-13', '2025-07-19', 'saanvi.gupta14@hospital.in', '160, JM Road, Kolkata', 2, 'Male');
INSERT INTO Staff VALUES (15, 'Arjun', 'Reddy', '2025-04-12', '2025-12-09', 'arjun.reddy15@hospital.in', '304, Park Street, Pune', 3, 'Other');
INSERT INTO Staff VALUES (16, 'Diya', 'Kumar', '2025-05-28', '2025-09-21', 'diya.kumar16@hospital.in', '969, MG Road, Mumbai', 5, 'Other');
INSERT INTO Staff VALUES (17, 'Saanvi', 'Patel', '2025-04-17', '2026-02-18', 'saanvi.patel17@hospital.in', '863, JM Road, Mumbai', 3, 'Other');
INSERT INTO Staff VALUES (18, 'Vihaan', 'Patel', '2025-05-23', '2025-08-31', 'vihaan.patel18@hospital.in', '159, VT Road, Ahmedabad', 1, 'Other');
INSERT INTO Staff VALUES (19, 'Vihaan', 'Patel', '2025-05-23', '2025-10-29', 'vihaan.patel19@hospital.in', '585, Anna Salai, Delhi', 4, 'Female');
INSERT INTO Staff VALUES (20, 'Vivaan', 'Patel', '2025-04-28', '2025-10-02', 'vivaan.patel20@hospital.in', '123, JM Road, Jaipur', 4, 'Female');
INSERT INTO Staff VALUES (21, 'Saanvi', 'Singh', '2025-05-30', '2025-12-11', 'saanvi.singh21@hospital.in', '931, Mahapalika Marg, Ahmedabad', 4, 'Female');
INSERT INTO Staff VALUES (22, 'Sai', 'Thomas', '2025-04-06', '2025-09-07', 'sai.thomas22@hospital.in', '459, Anna Salai, Delhi', 2, 'Other');
INSERT INTO Staff VALUES (23, 'Diya', 'Mehta', '2025-05-19', '2025-12-10', 'diya.mehta23@hospital.in', '457, Brigade Road, Delhi', 4, 'Male');
INSERT INTO Staff VALUES (24, 'Diya', 'Sharma', '2025-05-06', '2026-02-23', 'diya.sharma24@hospital.in', '121, JM Road, Ahmedabad', 4, 'Male');
INSERT INTO Staff VALUES (25, 'Sai', 'Reddy', '2025-05-17', '2026-05-11', 'sai.reddy25@hospital.in', '470, MG Road, Mumbai', 3, 'Male');
INSERT INTO Staff VALUES (26, 'Vihaan', 'Singh', '2025-05-07', '2025-10-24', 'vihaan.singh26@hospital.in', '588, Brigade Road, Bengaluru', 5, 'Female');
INSERT INTO Staff VALUES (27, 'Saanvi', 'Reddy', '2025-05-11', '2025-10-19', 'saanvi.reddy27@hospital.in', '505, VT Road, Ahmedabad', 4, 'Female');
INSERT INTO Staff VALUES (28, 'Saanvi', 'Reddy', '2025-05-15', '2026-05-06', 'saanvi.reddy28@hospital.in', '655, Mahapalika Marg, Hyderabad', 3, 'Male');
INSERT INTO Staff VALUES (29, 'Aditya', 'Verma', '2025-05-31', '2025-12-19', 'aditya.verma29@hospital.in', '216, Brigade Road, Delhi', 4, 'Male');
INSERT INTO Staff VALUES (30, 'Ananya', 'Mehta', '2025-05-21', '2025-12-14', 'ananya.mehta30@hospital.in', '705, MG Road, Jaipur', 3, 'Female');
INSERT INTO Staff VALUES (31, 'Aditya', 'Iyer', '2025-05-30', '2026-03-01', 'aditya.iyer31@hospital.in', '520, Mahapalika Marg, Lucknow', 5, 'Male');
INSERT INTO Staff VALUES (32, 'Aditya', 'Singh', '2025-05-19', '2025-12-21', 'aditya.singh32@hospital.in', '435, MG Road, Lucknow', 1, 'Female');
INSERT INTO Staff VALUES (33, 'Aditya', 'Patel', '2025-05-01', '2026-04-03', 'aditya.patel33@hospital.in', '790, JM Road, Bengaluru', 2, 'Other');
INSERT INTO Staff VALUES (34, 'Aditya', 'Patel', '2025-05-01', '2025-12-25', 'aditya.patel34@hospital.in', '706, VT Road, Mumbai', 5, 'Female');
INSERT INTO Staff VALUES (35, 'Ananya', 'Reddy', '2025-04-30', '2026-02-07', 'ananya.reddy35@hospital.in', '65, MG Road, Bengaluru', 4, 'Female');
INSERT INTO Staff VALUES (36, 'Sai', 'Gupta', '2025-05-17', '2025-11-07', 'sai.gupta36@hospital.in', '341, VT Road, Chennai', 2, 'Other');
INSERT INTO Staff VALUES (37, 'Ananya', 'Thomas', '2025-05-20', '2025-12-10', 'ananya.thomas37@hospital.in', '614, Linking Road, Kolkata', 5, 'Other');
INSERT INTO Staff VALUES (38, 'Vihaan', 'Thomas', '2025-04-18', '2025-10-04', 'vihaan.thomas38@hospital.in', '534, Anna Salai, Pune', 2, 'Male');
INSERT INTO Staff VALUES (39, 'Sai', 'Thomas', '2025-04-28', '2026-01-03', 'sai.thomas39@hospital.in', '970, VT Road, Pune', 3, 'Female');
INSERT INTO Staff VALUES (40, 'Vihaan', 'Patel', '2025-05-22', '2025-11-06', 'vihaan.patel40@hospital.in', '614, VT Road, Delhi', 2, 'Other');
INSERT INTO Staff VALUES (41, 'Aditya', 'Verma', '2025-05-13', '2026-01-03', 'aditya.verma41@hospital.in', '433, Linking Road, Ahmedabad', 5, 'Female');
INSERT INTO Staff VALUES (42, 'Aarav', 'Gupta', '2025-05-30', '2026-03-03', 'aarav.gupta42@hospital.in', '455, Park Street, Lucknow', 3, 'Female');
INSERT INTO Staff VALUES (43, 'Arjun', 'Kumar', '2025-04-10', '2025-08-06', 'arjun.kumar43@hospital.in', '915, JM Road, Delhi', 1, 'Female');
INSERT INTO Staff VALUES (44, 'Aarav', 'Mehta', '2025-05-17', '2025-11-17', 'aarav.mehta44@hospital.in', '62, JM Road, Lucknow', 2, 'Female');
INSERT INTO Staff VALUES (45, 'Vivaan', 'Kumar', '2025-04-16', '2025-11-13', 'vivaan.kumar45@hospital.in', '805, Anna Salai, Hyderabad', 4, 'Female');
INSERT INTO Staff VALUES (46, 'Ananya', 'Patel', '2025-04-13', '2026-03-17', 'ananya.patel46@hospital.in', '700, Brigade Road, Hyderabad', 4, 'Male');
INSERT INTO Staff VALUES (47, 'Vihaan', 'Mehta', '2025-04-22', '2026-03-17', 'vihaan.mehta47@hospital.in', '147, MG Road, Jaipur', 3, 'Female');
INSERT INTO Staff VALUES (48, 'Vihaan', 'Iyer', '2025-05-22', '2026-04-29', 'vihaan.iyer48@hospital.in', '99, VT Road, Hyderabad', 4, 'Female');
INSERT INTO Staff VALUES (49, 'Aarav', 'Thomas', '2025-04-13', '2026-04-08', 'aarav.thomas49@hospital.in', '795, JM Road, Pune', 1, 'Female');
INSERT INTO Staff VALUES (50, 'Aarav', 'Verma', '2025-05-24', '2025-09-12', 'aarav.verma50@hospital.in', '863, VT Road, Mumbai', 2, 'Female');
INSERT INTO Staff VALUES (51, 'Vihaan', 'Thomas', '2025-05-31', '2026-04-30', 'vihaan.thomas51@hospital.in', '101, Park Street, Hyderabad', 5, 'Female');
INSERT INTO Staff VALUES (52, 'Sai', 'Iyer', '2025-05-28', '2026-01-18', 'sai.iyer52@hospital.in', '930, MG Road, Hyderabad', 1, 'Female');
INSERT INTO Staff VALUES (53, 'Aarav', 'Mehta', '2025-05-04', '2025-09-14', 'aarav.mehta53@hospital.in', '329, Linking Road, Jaipur', 4, 'Male');
INSERT INTO Staff VALUES (54, 'Isha', 'Reddy', '2025-05-10', '2026-02-09', 'isha.reddy54@hospital.in', '140, Brigade Road, Ahmedabad', 1, 'Female');
INSERT INTO Staff VALUES (55, 'Sai', 'Singh', '2025-04-11', '2025-11-12', 'sai.singh55@hospital.in', '892, Park Street, Ahmedabad', 5, 'Female');
INSERT INTO Staff VALUES (56, 'Isha', 'Singh', '2025-05-20', '2025-09-14', 'isha.singh56@hospital.in', '483, MG Road, Bengaluru', 2, 'Female');
INSERT INTO Staff VALUES (57, 'Vivaan', 'Mehta', '2025-05-27', '2026-05-27', 'vivaan.mehta57@hospital.in', '984, MG Road, Kolkata', 1, 'Other');
INSERT INTO Staff VALUES (58, 'Sai', 'Singh', '2025-04-14', '2025-09-21', 'sai.singh58@hospital.in', '61, Park Street, Chennai', 1, 'Female');
INSERT INTO Staff VALUES (59, 'Aarav', 'Gupta', '2025-05-04', '2026-02-16', 'aarav.gupta59@hospital.in', '249, Anna Salai, Ahmedabad', 1, 'Female');
INSERT INTO Staff VALUES (60, 'Ananya', 'Kumar', '2025-05-18', '2025-08-08', 'ananya.kumar60@hospital.in', '664, Linking Road, Lucknow', 4, 'Male');
INSERT INTO Staff VALUES (61, 'Aditya', 'Patel', '2025-04-05', '2025-12-31', 'aditya.patel61@hospital.in', '550, Park Street, Chennai', 5, 'Other');
INSERT INTO Staff VALUES (62, 'Vivaan', 'Thomas', '2025-05-24', '2025-09-11', 'vivaan.thomas62@hospital.in', '11, Brigade Road, Ahmedabad', 2, 'Other');
INSERT INTO Staff VALUES (63, 'Sai', 'Mehta', '2025-05-22', '2026-03-29', 'sai.mehta63@hospital.in', '159, Mahapalika Marg, Mumbai', 2, 'Male');
INSERT INTO Staff VALUES (64, 'Vivaan', 'Sharma', '2025-04-14', '2025-10-22', 'vivaan.sharma64@hospital.in', '516, JM Road, Pune', 1, 'Male');
INSERT INTO Staff VALUES (65, 'Aarav', 'Reddy', '2025-04-09', '2026-01-10', 'aarav.reddy65@hospital.in', '259, MG Road, Mumbai', 2, 'Female');
INSERT INTO Staff VALUES (66, 'Vivaan', 'Patel', '2025-04-09', '2025-11-23', 'vivaan.patel66@hospital.in', '873, Brigade Road, Kolkata', 4, 'Male');
INSERT INTO Staff VALUES (67, 'Saanvi', 'Patel', '2025-05-31', '2025-11-23', 'saanvi.patel67@hospital.in', '484, JM Road, Pune', 3, 'Male');
INSERT INTO Staff VALUES (68, 'Diya', 'Iyer', '2025-05-24', '2025-09-07', 'diya.iyer68@hospital.in', '542, Linking Road, Pune', 3, 'Male');
INSERT INTO Staff VALUES (69, 'Saanvi', 'Sharma', '2025-04-04', '2026-03-29', 'saanvi.sharma69@hospital.in', '945, Park Street, Ahmedabad', 4, 'Male');
INSERT INTO Staff VALUES (70, 'Isha', 'Iyer', '2025-04-16', '2025-09-18', 'isha.iyer70@hospital.in', '955, Mahapalika Marg, Kolkata', 5, 'Other');
INSERT INTO Staff VALUES (71, 'Isha', 'Patel', '2025-04-04', '2026-02-09', 'isha.patel71@hospital.in', '254, VT Road, Kolkata', 4, 'Male');
INSERT INTO Staff VALUES (72, 'Aditya', 'Mehta', '2025-05-12', '2025-08-15', 'aditya.mehta72@hospital.in', '69, Park Street, Ahmedabad', 2, 'Male');
INSERT INTO Staff VALUES (73, 'Ananya', 'Reddy', '2025-04-18', '2025-11-26', 'ananya.reddy73@hospital.in', '901, Brigade Road, Mumbai', 1, 'Other');
INSERT INTO Staff VALUES (74, 'Sai', 'Reddy', '2025-04-03', '2026-01-14', 'sai.reddy74@hospital.in', '644, JM Road, Lucknow', 3, 'Other');
INSERT INTO Staff VALUES (75, 'Vihaan', 'Reddy', '2025-04-17', '2026-01-21', 'vihaan.reddy75@hospital.in', '676, JM Road, Jaipur', 5, 'Male');
INSERT INTO Staff VALUES (76, 'Diya', 'Gupta', '2025-04-20', '2025-12-08', 'diya.gupta76@hospital.in', '551, Mahapalika Marg, Jaipur', 3, 'Other');
INSERT INTO Staff VALUES (77, 'Vihaan', 'Sharma', '2025-05-31', '2026-01-27', 'vihaan.sharma77@hospital.in', '302, MG Road, Pune', 1, 'Female');
INSERT INTO Staff VALUES (78, 'Saanvi', 'Reddy', '2025-04-07', '2025-06-21', 'saanvi.reddy78@hospital.in', '913, Anna Salai, Kolkata', 3, 'Female');
INSERT INTO Staff VALUES (79, 'Saanvi', 'Singh', '2025-05-18', '2025-08-08', 'saanvi.singh79@hospital.in', '174, Park Street, Ahmedabad', 4, 'Female');
INSERT INTO Staff VALUES (80, 'Vihaan', 'Kumar', '2025-04-28', '2025-07-04', 'vihaan.kumar80@hospital.in', '177, Linking Road, Bengaluru', 3, 'Female');
INSERT INTO Staff VALUES (81, 'Vivaan', 'Mehta', '2025-04-10', '2026-03-04', 'vivaan.mehta81@hospital.in', '895, VT Road, Kolkata', 5, 'Female');
INSERT INTO Staff VALUES (82, 'Vivaan', 'Reddy', '2025-05-22', '2026-03-28', 'vivaan.reddy82@hospital.in', '401, Anna Salai, Delhi', 4, 'Other');
INSERT INTO Staff VALUES (83, 'Isha', 'Iyer', '2025-04-16', '2026-01-14', 'isha.iyer83@hospital.in', '178, Mahapalika Marg, Chennai', 5, 'Female');
INSERT INTO Staff VALUES (84, 'Arjun', 'Thomas', '2025-05-09', '2025-07-25', 'arjun.thomas84@hospital.in', '520, Brigade Road, Mumbai', 1, 'Other');
INSERT INTO Staff VALUES (85, 'Vihaan', 'Kumar', '2025-05-03', '2026-04-03', 'vihaan.kumar85@hospital.in', '828, JM Road, Mumbai', 3, 'Other');
INSERT INTO Staff VALUES (86, 'Arjun', 'Gupta', '2025-04-10', '2026-03-24', 'arjun.gupta86@hospital.in', '24, Linking Road, Pune', 3, 'Male');
INSERT INTO Staff VALUES (87, 'Aditya', 'Singh', '2025-05-24', '2025-12-28', 'aditya.singh87@hospital.in', '653, MG Road, Lucknow', 5, 'Female');
INSERT INTO Staff VALUES (88, 'Isha', 'Singh', '2025-04-02', '2025-10-13', 'isha.singh88@hospital.in', '448, Anna Salai, Kolkata', 3, 'Other');
INSERT INTO Staff VALUES (89, 'Aarav', 'Patel', '2025-04-21', '2025-12-07', 'aarav.patel89@hospital.in', '514, Park Street, Pune', 3, 'Other');
INSERT INTO Staff VALUES (90, 'Ananya', 'Gupta', '2025-04-09', '2025-10-27', 'ananya.gupta90@hospital.in', '636, Mahapalika Marg, Jaipur', 5, 'Other');
INSERT INTO Staff VALUES (91, 'Arjun', 'Verma', '2025-04-27', '2025-12-15', 'arjun.verma91@hospital.in', '17, Park Street, Kolkata', 1, 'Female');
INSERT INTO Staff VALUES (92, 'Sai', 'Thomas', '2025-05-23', '2025-09-03', 'sai.thomas92@hospital.in', '183, Linking Road, Mumbai', 3, 'Female');
INSERT INTO Staff VALUES (93, 'Saanvi', 'Thomas', '2025-05-23', '2025-08-10', 'saanvi.thomas93@hospital.in', '779, JM Road, Jaipur', 3, 'Female');
INSERT INTO Staff VALUES (94, 'Vivaan', 'Sharma', '2025-04-22', '2025-08-12', 'vivaan.sharma94@hospital.in', '853, Brigade Road, Jaipur', 3, 'Male');
INSERT INTO Staff VALUES (95, 'Vihaan', 'Kumar', '2025-04-12', '2025-07-09', 'vihaan.kumar95@hospital.in', '706, JM Road, Delhi', 4, 'Male');
INSERT INTO Staff VALUES (96, 'Ananya', 'Singh', '2025-04-29', '2026-02-23', 'ananya.singh96@hospital.in', '266, VT Road, Chennai', 2, 'Female');
INSERT INTO Staff VALUES (97, 'Arjun', 'Gupta', '2025-04-21', '2025-11-16', 'arjun.gupta97@hospital.in', '36, VT Road, Delhi', 4, 'Other');
INSERT INTO Staff VALUES (98, 'Aditya', 'Thomas', '2025-04-27', '2025-09-10', 'aditya.thomas98@hospital.in', '572, MG Road, Jaipur', 4, 'Other');
INSERT INTO Staff VALUES (99, 'Arjun', 'Singh', '2025-05-22', '2025-09-25', 'arjun.singh99@hospital.in', '972, JM Road, Kolkata', 1, 'Other');
INSERT INTO Staff VALUES (100, 'Saanvi', 'Kumar', '2025-05-15', '2025-12-02', 'saanvi.kumar100@hospital.in', '616, Mahapalika Marg, Ahmedabad', 1, 'Male');
INSERT INTO Department VALUES (1, 6, 'Cardiology');
INSERT INTO Department VALUES (2, 13, 'Neurology');
INSERT INTO Department VALUES (3, 65, 'Oncology');
INSERT INTO Department VALUES (4, 60, 'Pediatrics');
INSERT INTO Department VALUES (5, 61, 'Orthopedics');
INSERT INTO Doctor VALUES (1, 'DO', 1, 'Cardiology');
INSERT INTO Doctor VALUES (2, 'DO', 2, 'Neurology');
INSERT INTO Doctor VALUES (3, 'MD', 3, 'Orthopedics');
INSERT INTO Doctor VALUES (4, 'MBBS', 4, 'Pediatrics');
INSERT INTO Doctor VALUES (5, 'MD', 5, 'Pediatrics');
INSERT INTO Doctor VALUES (6, 'MBBS', 6, 'General Medicine');
INSERT INTO Doctor VALUES (7, 'DO', 7, 'General Medicine');
INSERT INTO Doctor VALUES (8, 'DO', 8, 'Cardiology');
INSERT INTO Doctor VALUES (9, 'DO', 9, 'General Medicine');
INSERT INTO Doctor VALUES (10, 'MBBS', 10, 'General Medicine');
INSERT INTO Doctor VALUES (11, 'MD', 11, 'General Medicine');
INSERT INTO Doctor VALUES (12, 'MBBS', 12, 'Pediatrics');
INSERT INTO Doctor VALUES (13, 'MBBS', 13, 'Cardiology');
INSERT INTO Doctor VALUES (14, 'DO', 14, 'General Medicine');
INSERT INTO Doctor VALUES (15, 'MBBS', 15, 'Cardiology');
INSERT INTO Doctor VALUES (16, 'MD', 16, 'Pediatrics');
INSERT INTO Doctor VALUES (17, 'MD', 17, 'Pediatrics');
INSERT INTO Doctor VALUES (18, 'MD', 18, 'Pediatrics');
INSERT INTO Doctor VALUES (19, 'MBBS', 19, 'Neurology');
INSERT INTO Doctor VALUES (20, 'MBBS', 20, 'Orthopedics');
INSERT INTO Doctor VALUES (21, 'MD', 21, 'Neurology');
INSERT INTO Doctor VALUES (22, 'MBBS', 22, 'Cardiology');
INSERT INTO Doctor VALUES (23, 'DO', 23, 'Orthopedics');
INSERT INTO Doctor VALUES (24, 'MBBS', 24, 'Pediatrics');
INSERT INTO Doctor VALUES (25, 'DO', 25, 'Neurology');
INSERT INTO Doctor VALUES (26, 'MD', 26, 'General Medicine');
INSERT INTO Doctor VALUES (27, 'MD', 27, 'General Medicine');
INSERT INTO Doctor VALUES (28, 'MD', 28, 'Pediatrics');
INSERT INTO Doctor VALUES (29, 'DO', 29, 'General Medicine');
INSERT INTO Doctor VALUES (30, 'DO', 30, 'Neurology');
INSERT INTO Doctor VALUES (31, 'DO', 31, 'Neurology');
INSERT INTO Doctor VALUES (32, 'MD', 32, 'Orthopedics');
INSERT INTO Doctor VALUES (33, 'DO', 33, 'Pediatrics');
INSERT INTO Doctor VALUES (34, 'MD', 34, 'General Medicine');
INSERT INTO Doctor VALUES (35, 'DO', 35, 'Pediatrics');
INSERT INTO Doctor VALUES (36, 'DO', 36, 'Neurology');
INSERT INTO Doctor VALUES (37, 'MD', 37, 'Orthopedics');
INSERT INTO Doctor VALUES (38, 'MBBS', 38, 'Pediatrics');
INSERT INTO Doctor VALUES (39, 'MD', 39, 'Cardiology');
INSERT INTO Doctor VALUES (40, 'MD', 40, 'General Medicine');
INSERT INTO Doctor VALUES (41, 'MBBS', 41, 'Cardiology');
INSERT INTO Doctor VALUES (42, 'MBBS', 42, 'Cardiology');
INSERT INTO Doctor VALUES (43, 'DO', 43, 'Pediatrics');
INSERT INTO Doctor VALUES (44, 'MD', 44, 'Cardiology');
INSERT INTO Doctor VALUES (45, 'MD', 45, 'Orthopedics');
INSERT INTO Doctor VALUES (46, 'DO', 46, 'Neurology');
INSERT INTO Doctor VALUES (47, 'MBBS', 47, 'Pediatrics');
INSERT INTO Doctor VALUES (48, 'MBBS', 48, 'Pediatrics');
INSERT INTO Doctor VALUES (49, 'MBBS', 49, 'Orthopedics');
INSERT INTO Doctor VALUES (50, 'MD', 50, 'Pediatrics');
INSERT INTO Nurse VALUES (1, 33, 98);
INSERT INTO Nurse VALUES (2, 47, 77);
INSERT INTO Nurse VALUES (3, 46, 84);
INSERT INTO Nurse VALUES (4, 14, 95);
INSERT INTO Nurse VALUES (5, 39, 80);
INSERT INTO Nurse VALUES (6, 30, 80);
INSERT INTO Nurse VALUES (7, 7, 73);
INSERT INTO Nurse VALUES (8, 14, 55);
INSERT INTO Nurse VALUES (9, 3, 88);
INSERT INTO Nurse VALUES (10, 30, 80);
INSERT INTO Nurse VALUES (11, 43, 77);
INSERT INTO Nurse VALUES (12, 16, 67);
INSERT INTO Nurse VALUES (13, 37, 95);
INSERT INTO Nurse VALUES (14, 4, 58);
INSERT INTO Nurse VALUES (15, 9, 73);
INSERT INTO Nurse VALUES (16, 27, 98);
INSERT INTO Nurse VALUES (17, 40, 67);
INSERT INTO Nurse VALUES (18, 25, 57);
INSERT INTO Nurse VALUES (19, 45, 86);
INSERT INTO Nurse VALUES (20, 14, 54);
INSERT INTO Nurse VALUES (21, 19, 98);
INSERT INTO Nurse VALUES (22, 44, 56);
INSERT INTO Nurse VALUES (23, 26, 94);
INSERT INTO Nurse VALUES (24, 2, 98);
INSERT INTO Nurse VALUES (25, 17, 82);
INSERT INTO Nurse VALUES (26, 32, 67);
INSERT INTO Nurse VALUES (27, 34, 56);
INSERT INTO Nurse VALUES (28, 32, 66);
INSERT INTO Nurse VALUES (29, 29, 94);
INSERT INTO Nurse VALUES (30, 6, 76);
INSERT INTO Nurse VALUES (31, 25, 98);
INSERT INTO Nurse VALUES (32, 45, 95);
INSERT INTO Nurse VALUES (33, 44, 52);
INSERT INTO Nurse VALUES (34, 37, 59);
INSERT INTO Nurse VALUES (35, 48, 56);
INSERT INTO Nurse VALUES (36, 6, 99);
INSERT INTO Nurse VALUES (37, 49, 89);
INSERT INTO Nurse VALUES (38, 18, 82);
INSERT INTO Nurse VALUES (39, 21, 63);
INSERT INTO Nurse VALUES (40, 49, 92);
INSERT INTO Nurse VALUES (41, 46, 96);
INSERT INTO Nurse VALUES (42, 22, 97);
INSERT INTO Nurse VALUES (43, 33, 88);
INSERT INTO Nurse VALUES (44, 19, 71);
INSERT INTO Nurse VALUES (45, 18, 68);
INSERT INTO Nurse VALUES (46, 18, 92);
INSERT INTO Nurse VALUES (47, 46, 89);
INSERT INTO Nurse VALUES (48, 4, 99);
INSERT INTO Nurse VALUES (49, 22, 61);
INSERT INTO Nurse VALUES (50, 35, 61);
INSERT INTO Emergency_Contact VALUES (1, 'Aarav Singh', '9323759083', 'Spouse', 1);
INSERT INTO Emergency_Contact VALUES (2, 'Isha Singh', '9320750710', 'Sibling', 20);
INSERT INTO Emergency_Contact VALUES (3, 'Isha Mehta', '9807936709', 'Parent', 21);
INSERT INTO Emergency_Contact VALUES (4, 'Vivaan Kumar', '9307319892', 'Sibling', 48);
INSERT INTO Emergency_Contact VALUES (5, 'Isha Patel', '9229911127', 'Friend', 15);
INSERT INTO Emergency_Contact VALUES (6, 'Aditya Kumar', '9609220569', 'Friend', 45);
INSERT INTO Emergency_Contact VALUES (7, 'Saanvi Gupta', '9541381638', 'Parent', 42);
INSERT INTO Emergency_Contact VALUES (8, 'Vihaan Reddy', '9157664992', 'Sibling', 39);
INSERT INTO Emergency_Contact VALUES (9, 'Vivaan Mehta', '9058994028', 'Spouse', 2);
INSERT INTO Emergency_Contact VALUES (10, 'Sai Kumar', '9525766935', 'Parent', 49);
INSERT INTO Emergency_Contact VALUES (11, 'Aarav Gupta', '9979894948', 'Friend', 27);
INSERT INTO Emergency_Contact VALUES (12, 'Diya Reddy', '9025181763', 'Sibling', 31);
INSERT INTO Emergency_Contact VALUES (13, 'Arjun Thomas', '9910249593', 'Parent', 46);
INSERT INTO Emergency_Contact VALUES (14, 'Sai Reddy', '9360542291', 'Spouse', 50);
INSERT INTO Emergency_Contact VALUES (15, 'Arjun Reddy', '9947381736', 'Sibling', 39);
INSERT INTO Emergency_Contact VALUES (16, 'Aarav Thomas', '9691640884', 'Friend', 42);
INSERT INTO Emergency_Contact VALUES (17, 'Ananya Mehta', '9075974003', 'Parent', 22);
INSERT INTO Emergency_Contact VALUES (18, 'Aditya Patel', '9549897791', 'Sibling', 31);
INSERT INTO Emergency_Contact VALUES (19, 'Aarav Reddy', '9415502312', 'Sibling', 11);
INSERT INTO Emergency_Contact VALUES (20, 'Vivaan Singh', '9811539667', 'Parent', 36);
INSERT INTO Emergency_Contact VALUES (21, 'Arjun Verma', '9259960925', 'Friend', 24);
INSERT INTO Emergency_Contact VALUES (22, 'Sai Thomas', '9531439154', 'Sibling', 46);
INSERT INTO Emergency_Contact VALUES (23, 'Arjun Sharma', '9328317435', 'Spouse', 47);
INSERT INTO Emergency_Contact VALUES (24, 'Sai Thomas', '9569214440', 'Friend', 28);
INSERT INTO Emergency_Contact VALUES (25, 'Saanvi Patel', '9181625006', 'Friend', 43);
INSERT INTO Emergency_Contact VALUES (26, 'Diya Kumar', '9295236442', 'Friend', 27);
INSERT INTO Emergency_Contact VALUES (27, 'Isha Gupta', '9133291887', 'Spouse', 41);
INSERT INTO Emergency_Contact VALUES (28, 'Saanvi Iyer', '9955164672', 'Sibling', 13);
INSERT INTO Emergency_Contact VALUES (29, 'Diya Singh', '9335226492', 'Spouse', 6);
INSERT INTO Emergency_Contact VALUES (30, 'Diya Patel', '9569836162', 'Spouse', 50);
INSERT INTO Emergency_Contact VALUES (31, 'Ananya Iyer', '9760381600', 'Friend', 44);
INSERT INTO Emergency_Contact VALUES (32, 'Ananya Verma', '9067225662', 'Parent', 20);
INSERT INTO Emergency_Contact VALUES (33, 'Aarav Verma', '9219487977', 'Spouse', 36);
INSERT INTO Emergency_Contact VALUES (34, 'Aditya Sharma', '9843052100', 'Spouse', 21);
INSERT INTO Emergency_Contact VALUES (35, 'Ananya Patel', '9782406177', 'Friend', 1);
INSERT INTO Emergency_Contact VALUES (36, 'Vihaan Reddy', '9435493822', 'Friend', 33);
INSERT INTO Emergency_Contact VALUES (37, 'Sai Mehta', '9561449856', 'Spouse', 5);
INSERT INTO Emergency_Contact VALUES (38, 'Vihaan Mehta', '9718521826', 'Parent', 31);
INSERT INTO Emergency_Contact VALUES (39, 'Saanvi Verma', '9641977411', 'Parent', 4);
INSERT INTO Emergency_Contact VALUES (40, 'Isha Gupta', '9478069177', 'Parent', 3);
INSERT INTO Emergency_Contact VALUES (41, 'Ananya Verma', '9775184860', 'Spouse', 13);
INSERT INTO Emergency_Contact VALUES (42, 'Vivaan Sharma', '9257628557', 'Spouse', 33);
INSERT INTO Emergency_Contact VALUES (43, 'Saanvi Thomas', '9150566422', 'Spouse', 31);
INSERT INTO Emergency_Contact VALUES (44, 'Aarav Sharma', '9582544355', 'Friend', 18);
INSERT INTO Emergency_Contact VALUES (45, 'Aditya Mehta', '9715802899', 'Friend', 43);
INSERT INTO Emergency_Contact VALUES (46, 'Sai Reddy', '9465453509', 'Sibling', 7);
INSERT INTO Emergency_Contact VALUES (47, 'Aarav Singh', '9822914774', 'Friend', 26);
INSERT INTO Emergency_Contact VALUES (48, 'Vihaan Kumar', '9973604214', 'Friend', 36);
INSERT INTO Emergency_Contact VALUES (49, 'Ananya Iyer', '9275837223', 'Spouse', 7);
INSERT INTO Emergency_Contact VALUES (50, 'Saanvi Iyer', '9978361574', 'Friend', 18);
INSERT INTO Payroll VALUES ('ACCT1001', 120823.17, 9083.42, 1);
INSERT INTO Payroll VALUES ('ACCT1002', 56407.26, 6630.29, 2);
INSERT INTO Payroll VALUES ('ACCT1003', 85437.34, 11281.72, 3);
INSERT INTO Payroll VALUES ('ACCT1004', 66765.85, 13484.0, 4);
INSERT INTO Payroll VALUES ('ACCT1005', 70566.67, 10840.64, 5);
INSERT INTO Payroll VALUES ('ACCT1006', 99058.38, 49.53, 6);
INSERT INTO Payroll VALUES ('ACCT1007', 124479.76, 4803.24, 7);
INSERT INTO Payroll VALUES ('ACCT1008', 39977.6, 10403.19, 8);
INSERT INTO Payroll VALUES ('ACCT1009', 91818.67, 4521.94, 9);
INSERT INTO Payroll VALUES ('ACCT1010', 122036.69, 7554.74, 10);
INSERT INTO Payroll VALUES ('ACCT1011', 142866.61, 8427.57, 11);
INSERT INTO Payroll VALUES ('ACCT1012', 36715.92, 6413.38, 12);
INSERT INTO Payroll VALUES ('ACCT1013', 120521.65, 2984.16, 13);
INSERT INTO Payroll VALUES ('ACCT1014', 147961.9, 2916.43, 14);
INSERT INTO Payroll VALUES ('ACCT1015', 79772.58, 77.89, 15);
INSERT INTO Payroll VALUES ('ACCT1016', 90351.01, 4307.98, 16);
INSERT INTO Payroll VALUES ('ACCT1017', 116105.87, 5617.85, 17);
INSERT INTO Payroll VALUES ('ACCT1018', 149119.81, 9530.11, 18);
INSERT INTO Payroll VALUES ('ACCT1019', 127750.22, 7730.03, 19);
INSERT INTO Payroll VALUES ('ACCT1020', 82975.95, 14570.78, 20);
INSERT INTO Payroll VALUES ('ACCT1021', 146791.01, 3103.83, 21);
INSERT INTO Payroll VALUES ('ACCT1022', 107338.96, 4450.65, 22);
INSERT INTO Payroll VALUES ('ACCT1023', 34501.12, 8374.06, 23);
INSERT INTO Payroll VALUES ('ACCT1024', 108357.44, 3226.91, 24);
INSERT INTO Payroll VALUES ('ACCT1025', 107845.16, 9915.87, 25);
INSERT INTO Payroll VALUES ('ACCT1026', 63099.24, 8063.49, 26);
INSERT INTO Payroll VALUES ('ACCT1027', 138557.96, 2924.27, 27);
INSERT INTO Payroll VALUES ('ACCT1028', 130578.41, 7848.2, 28);
INSERT INTO Payroll VALUES ('ACCT1029', 113483.38, 8304.06, 29);
INSERT INTO Payroll VALUES ('ACCT1030', 46185.7, 10449.59, 30);
INSERT INTO Payroll VALUES ('ACCT1031', 93669.11, 10009.91, 31);
INSERT INTO Payroll VALUES ('ACCT1032', 42089.42, 158.4, 32);
INSERT INTO Payroll VALUES ('ACCT1033', 45067.55, 13051.72, 33);
INSERT INTO Payroll VALUES ('ACCT1034', 148385.26, 6366.28, 34);
INSERT INTO Payroll VALUES ('ACCT1035', 111758.44, 1819.06, 35);
INSERT INTO Payroll VALUES ('ACCT1036', 28430.96, 3273.73, 36);
INSERT INTO Payroll VALUES ('ACCT1037', 67474.21, 5699.85, 37);
INSERT INTO Payroll VALUES ('ACCT1038', 107268.67, 1709.1, 38);
INSERT INTO Payroll VALUES ('ACCT1039', 30436.41, 3746.11, 39);
INSERT INTO Payroll VALUES ('ACCT1040', 47908.17, 6387.0, 40);
INSERT INTO Payroll VALUES ('ACCT1041', 61634.06, 4425.98, 41);
INSERT INTO Payroll VALUES ('ACCT1042', 46360.34, 14265.98, 42);
INSERT INTO Payroll VALUES ('ACCT1043', 112125.66, 5474.96, 43);
INSERT INTO Payroll VALUES ('ACCT1044', 83504.47, 8162.04, 44);
INSERT INTO Payroll VALUES ('ACCT1045', 84120.05, 3832.27, 45);
INSERT INTO Payroll VALUES ('ACCT1046', 130051.02, 11215.58, 46);
INSERT INTO Payroll VALUES ('ACCT1047', 98839.86, 4048.01, 47);
INSERT INTO Payroll VALUES ('ACCT1048', 81563.7, 9806.59, 48);
INSERT INTO Payroll VALUES ('ACCT1049', 42325.27, 294.08, 49);
INSERT INTO Payroll VALUES ('ACCT1050', 27933.92, 9202.5, 50);
INSERT INTO Payroll VALUES ('ACCT1051', 53009.28, 13538.03, 51);
INSERT INTO Payroll VALUES ('ACCT1052', 29497.02, 14069.68, 52);
INSERT INTO Payroll VALUES ('ACCT1053', 101208.18, 9221.13, 53);
INSERT INTO Payroll VALUES ('ACCT1054', 137908.61, 5968.1, 54);
INSERT INTO Payroll VALUES ('ACCT1055', 84491.38, 12655.18, 55);
INSERT INTO Payroll VALUES ('ACCT1056', 55455.14, 4401.58, 56);
INSERT INTO Payroll VALUES ('ACCT1057', 111216.41, 13191.29, 57);
INSERT INTO Payroll VALUES ('ACCT1058', 28571.64, 8143.8, 58);
INSERT INTO Payroll VALUES ('ACCT1059', 105409.03, 7871.18, 59);
INSERT INTO Payroll VALUES ('ACCT1060', 149581.51, 7320.8, 60);
INSERT INTO Payroll VALUES ('ACCT1061', 122173.02, 3414.55, 61);
INSERT INTO Payroll VALUES ('ACCT1062', 129906.37, 1833.52, 62);
INSERT INTO Payroll VALUES ('ACCT1063', 88418.18, 2380.54, 63);
INSERT INTO Payroll VALUES ('ACCT1064', 96296.89, 8001.69, 64);
INSERT INTO Payroll VALUES ('ACCT1065', 79304.83, 8827.21, 65);
INSERT INTO Payroll VALUES ('ACCT1066', 121700.96, 11560.24, 66);
INSERT INTO Payroll VALUES ('ACCT1067', 28655.37, 4221.57, 67);
INSERT INTO Payroll VALUES ('ACCT1068', 79443.71, 9721.81, 68);
INSERT INTO Payroll VALUES ('ACCT1069', 23716.93, 9348.79, 69);
INSERT INTO Payroll VALUES ('ACCT1070', 70222.0, 6481.9, 70);
INSERT INTO Payroll VALUES ('ACCT1071', 127054.77, 3748.13, 71);
INSERT INTO Payroll VALUES ('ACCT1072', 63208.7, 11557.55, 72);
INSERT INTO Payroll VALUES ('ACCT1073', 62496.95, 6170.93, 73);
INSERT INTO Payroll VALUES ('ACCT1074', 54070.99, 5787.2, 74);
INSERT INTO Payroll VALUES ('ACCT1075', 75281.77, 12549.67, 75);
INSERT INTO Payroll VALUES ('ACCT1076', 30798.73, 9029.97, 76);
INSERT INTO Payroll VALUES ('ACCT1077', 49468.09, 13483.94, 77);
INSERT INTO Payroll VALUES ('ACCT1078', 117140.61, 10974.66, 78);
INSERT INTO Payroll VALUES ('ACCT1079', 134084.94, 2812.9, 79);
INSERT INTO Payroll VALUES ('ACCT1080', 110665.57, 11192.09, 80);
INSERT INTO Payroll VALUES ('ACCT1081', 53976.45, 13957.74, 81);
INSERT INTO Payroll VALUES ('ACCT1082', 32693.77, 14860.65, 82);
INSERT INTO Payroll VALUES ('ACCT1083', 99335.89, 7820.25, 83);
INSERT INTO Payroll VALUES ('ACCT1084', 137393.75, 1290.96, 84);
INSERT INTO Payroll VALUES ('ACCT1085', 93728.61, 6423.17, 85);
INSERT INTO Payroll VALUES ('ACCT1086', 47716.06, 6043.11, 86);
INSERT INTO Payroll VALUES ('ACCT1087', 86168.96, 13113.82, 87);
INSERT INTO Payroll VALUES ('ACCT1088', 70479.86, 6742.85, 88);
INSERT INTO Payroll VALUES ('ACCT1089', 42310.12, 6299.26, 89);
INSERT INTO Payroll VALUES ('ACCT1090', 91717.37, 9193.31, 90);
INSERT INTO Payroll VALUES ('ACCT1091', 141379.19, 10101.43, 91);
INSERT INTO Payroll VALUES ('ACCT1092', 108405.42, 1698.28, 92);
INSERT INTO Payroll VALUES ('ACCT1093', 146971.0, 2964.01, 93);
INSERT INTO Payroll VALUES ('ACCT1094', 97401.7, 9682.45, 94);
INSERT INTO Payroll VALUES ('ACCT1095', 45208.28, 3272.15, 95);
INSERT INTO Payroll VALUES ('ACCT1096', 145238.24, 11225.76, 96);
INSERT INTO Payroll VALUES ('ACCT1097', 87872.13, 6470.93, 97);
INSERT INTO Payroll VALUES ('ACCT1098', 69947.71, 11053.64, 98);
INSERT INTO Payroll VALUES ('ACCT1099', 66995.09, 10651.53, 99);
INSERT INTO Payroll VALUES ('ACCT1100', 38643.24, 13836.04, 100);
INSERT INTO Lab_Screening VALUES (1, 10, 19, 18, 2012.74, '2025-05-11');
INSERT INTO Lab_Screening VALUES (2, 18, 19, 3, 715.36, '2025-04-07');
INSERT INTO Lab_Screening VALUES (3, 50, 29, 48, 623.79, '2025-05-16');
INSERT INTO Lab_Screening VALUES (4, 27, 55, 10, 771.29, '2025-04-08');
INSERT INTO Lab_Screening VALUES (5, 28, 89, 3, 2853.33, '2025-04-29');
INSERT INTO Lab_Screening VALUES (6, 4, 5, 16, 1775.97, '2025-05-26');
INSERT INTO Lab_Screening VALUES (7, 16, 4, 39, 2688.73, '2025-04-15');
INSERT INTO Lab_Screening VALUES (8, 35, 97, 44, 2581.77, '2025-04-05');
INSERT INTO Lab_Screening VALUES (9, 40, 52, 4, 2946.25, '2025-04-13');
INSERT INTO Lab_Screening VALUES (10, 27, 3, 46, 1633.6, '2025-05-23');
INSERT INTO Lab_Screening VALUES (11, 17, 2, 14, 2969.11, '2025-04-27');
INSERT INTO Lab_Screening VALUES (12, 30, 57, 13, 2033.9, '2025-05-06');
INSERT INTO Lab_Screening VALUES (13, 35, 9, 8, 1089.91, '2025-05-05');
INSERT INTO Lab_Screening VALUES (14, 8, 73, 7, 406.34, '2025-04-11');
INSERT INTO Lab_Screening VALUES (15, 9, 87, 27, 1464.41, '2025-05-09');
INSERT INTO Lab_Screening VALUES (16, 22, 23, 14, 434.69, '2025-05-20');
INSERT INTO Lab_Screening VALUES (17, 39, 96, 29, 2369.8, '2025-05-12');
INSERT INTO Lab_Screening VALUES (18, 17, 98, 36, 2049.8, '2025-04-20');
INSERT INTO Lab_Screening VALUES (19, 38, 66, 41, 1708.97, '2025-05-24');
INSERT INTO Lab_Screening VALUES (20, 8, 68, 11, 900.51, '2025-05-13');
INSERT INTO Lab_Screening VALUES (21, 20, 90, 33, 1241.56, '2025-05-20');
INSERT INTO Lab_Screening VALUES (22, 22, 2, 25, 2549.68, '2025-05-15');
INSERT INTO Lab_Screening VALUES (23, 41, 60, 32, 2543.75, '2025-04-16');
INSERT INTO Lab_Screening VALUES (24, 21, 51, 43, 461.96, '2025-05-19');
INSERT INTO Lab_Screening VALUES (25, 22, 17, 49, 1022.38, '2025-04-12');
INSERT INTO Lab_Screening VALUES (26, 14, 46, 20, 2164.25, '2025-04-17');
INSERT INTO Lab_Screening VALUES (27, 33, 4, 31, 815.32, '2025-05-31');
INSERT INTO Lab_Screening VALUES (28, 28, 100, 14, 691.72, '2025-04-04');
INSERT INTO Lab_Screening VALUES (29, 6, 42, 19, 1845.32, '2025-04-28');
INSERT INTO Lab_Screening VALUES (30, 50, 67, 11, 2371.92, '2025-04-03');
INSERT INTO Lab_Screening VALUES (31, 42, 37, 41, 1425.43, '2025-04-22');
INSERT INTO Lab_Screening VALUES (32, 26, 69, 46, 1501.11, '2025-05-10');
INSERT INTO Lab_Screening VALUES (33, 40, 13, 30, 469.24, '2025-04-22');
INSERT INTO Lab_Screening VALUES (34, 49, 87, 40, 2986.4, '2025-05-05');
INSERT INTO Lab_Screening VALUES (35, 13, 14, 10, 1786.48, '2025-04-17');
INSERT INTO Lab_Screening VALUES (36, 38, 50, 28, 1249.3, '2025-04-14');
INSERT INTO Lab_Screening VALUES (37, 18, 63, 21, 1539.16, '2025-04-22');
INSERT INTO Lab_Screening VALUES (38, 24, 37, 8, 961.13, '2025-04-26');
INSERT INTO Lab_Screening VALUES (39, 30, 82, 29, 1410.42, '2025-05-31');
INSERT INTO Lab_Screening VALUES (40, 34, 49, 43, 2476.18, '2025-05-07');
INSERT INTO Lab_Screening VALUES (41, 40, 25, 7, 2774.9, '2025-05-26');
INSERT INTO Lab_Screening VALUES (42, 27, 36, 43, 1170.71, '2025-05-21');
INSERT INTO Lab_Screening VALUES (43, 5, 95, 26, 430.45, '2025-05-01');
INSERT INTO Lab_Screening VALUES (44, 38, 5, 44, 874.77, '2025-04-23');
INSERT INTO Lab_Screening VALUES (45, 8, 61, 20, 544.24, '2025-04-17');
INSERT INTO Lab_Screening VALUES (46, 23, 17, 15, 1118.9, '2025-04-01');
INSERT INTO Lab_Screening VALUES (47, 18, 26, 1, 1780.46, '2025-05-19');
INSERT INTO Lab_Screening VALUES (48, 36, 25, 45, 1427.76, '2025-04-08');
INSERT INTO Lab_Screening VALUES (49, 32, 70, 21, 491.44, '2025-05-31');
INSERT INTO Lab_Screening VALUES (50, 50, 67, 14, 1209.62, '2025-04-17');
INSERT INTO Insurance VALUES ('POL72950', 6, 'IRDA5509', '2025-04-25', '2026-04-25', 'Star Health', 'Family Floater', 765698.99);
INSERT INTO Insurance VALUES ('POL58032', 16, 'IRDA1800', '2025-04-03', '2026-04-03', 'New India Assurance', 'Individual', 1371072.48);
INSERT INTO Insurance VALUES ('POL85169', 25, 'IRDA8383', '2025-05-20', '2026-05-20', 'ICICI Lombard', 'Family Floater', 1527453.33);
INSERT INTO Insurance VALUES ('POL75423', 27, 'IRDA4979', '2025-05-21', '2026-05-21', 'Star Health', 'Family Floater', 1845511.24);
INSERT INTO Insurance VALUES ('POL62790', 29, 'IRDA2168', '2025-05-29', '2026-05-29', 'Bajaj Allianz', 'Individual', 1642702.07);
INSERT INTO Insurance VALUES ('POL17235', 6, 'IRDA2371', '2025-05-20', '2026-05-20', 'Bajaj Allianz', 'Family Floater', 1396087.84);
INSERT INTO Insurance VALUES ('POL22990', 30, 'IRDA5982', '2025-05-20', '2026-05-20', 'ICICI Lombard', 'Family Floater', 607167.83);
INSERT INTO Insurance VALUES ('POL56105', 6, 'IRDA2579', '2025-04-30', '2026-04-30', 'ICICI Lombard', 'Individual', 1095148.0);
INSERT INTO Insurance VALUES ('POL17115', 39, 'IRDA2600', '2025-05-20', '2026-05-20', 'Star Health', 'Family Floater', 1241535.27);
INSERT INTO Insurance VALUES ('POL98092', 13, 'IRDA6262', '2025-04-05', '2026-04-05', 'New India Assurance', 'Individual', 918754.47);
INSERT INTO Insurance VALUES ('POL39701', 38, 'IRDA5600', '2025-04-28', '2026-04-28', 'ICICI Lombard', 'Individual', 1139231.79);
INSERT INTO Insurance VALUES ('POL88103', 46, 'IRDA4871', '2025-05-05', '2026-05-05', 'ICICI Lombard', 'Family Floater', 1363041.47);
INSERT INTO Insurance VALUES ('POL20655', 50, 'IRDA3883', '2025-04-21', '2026-04-21', 'ICICI Lombard', 'Individual', 1366434.71);
INSERT INTO Insurance VALUES ('POL70642', 43, 'IRDA4640', '2025-05-29', '2026-05-29', 'ICICI Lombard', 'Family Floater', 940793.97);
INSERT INTO Insurance VALUES ('POL30974', 1, 'IRDA2758', '2025-05-12', '2026-05-12', 'HDFC ERGO', 'Family Floater', 659338.09);
INSERT INTO Insurance VALUES ('POL64786', 6, 'IRDA7812', '2025-04-28', '2026-04-28', 'Bajaj Allianz', 'Individual', 762569.8);
INSERT INTO Insurance VALUES ('POL31110', 39, 'IRDA7454', '2025-04-24', '2026-04-24', 'Bajaj Allianz', 'Family Floater', 1220334.83);
INSERT INTO Insurance VALUES ('POL16807', 6, 'IRDA1916', '2025-05-16', '2026-05-16', 'New India Assurance', 'Family Floater', 910541.86);
INSERT INTO Insurance VALUES ('POL73584', 29, 'IRDA7298', '2025-05-11', '2026-05-11', 'ICICI Lombard', 'Individual', 1419580.8);
INSERT INTO Insurance VALUES ('POL20388', 4, 'IRDA9488', '2025-04-25', '2026-04-25', 'HDFC ERGO', 'Individual', 1968427.0);
INSERT INTO Insurance VALUES ('POL28675', 4, 'IRDA7555', '2025-04-27', '2026-04-27', 'ICICI Lombard', 'Family Floater', 1584034.77);
INSERT INTO Insurance VALUES ('POL97939', 46, 'IRDA2334', '2025-05-16', '2026-05-16', 'Bajaj Allianz', 'Individual', 1583538.96);
INSERT INTO Insurance VALUES ('POL53214', 6, 'IRDA2067', '2025-04-09', '2026-04-09', 'Bajaj Allianz', 'Individual', 1922162.03);
INSERT INTO Insurance VALUES ('POL20293', 27, 'IRDA9101', '2025-05-02', '2026-05-02', 'Bajaj Allianz', 'Family Floater', 1740141.03);
INSERT INTO Insurance VALUES ('POL70291', 15, 'IRDA9926', '2025-05-15', '2026-05-15', 'ICICI Lombard', 'Family Floater', 823519.44);
INSERT INTO Insurance VALUES ('POL54063', 27, 'IRDA3598', '2025-04-08', '2026-04-08', 'Bajaj Allianz', 'Family Floater', 1258849.93);
INSERT INTO Insurance VALUES ('POL84333', 47, 'IRDA8619', '2025-05-11', '2026-05-11', 'Star Health', 'Individual', 1080302.28);
INSERT INTO Insurance VALUES ('POL96592', 9, 'IRDA3305', '2025-05-22', '2026-05-22', 'HDFC ERGO', 'Family Floater', 1342121.96);
INSERT INTO Insurance VALUES ('POL70164', 16, 'IRDA7020', '2025-05-08', '2026-05-08', 'HDFC ERGO', 'Individual', 1567886.12);
INSERT INTO Insurance VALUES ('POL46845', 25, 'IRDA3062', '2025-04-14', '2026-04-14', 'Star Health', 'Family Floater', 1208828.4);
INSERT INTO Insurance VALUES ('POL21761', 44, 'IRDA5130', '2025-04-16', '2026-04-16', 'HDFC ERGO', 'Family Floater', 504986.47);
INSERT INTO Insurance VALUES ('POL88152', 33, 'IRDA4589', '2025-04-30', '2026-04-30', 'ICICI Lombard', 'Individual', 931824.45);
INSERT INTO Insurance VALUES ('POL87663', 33, 'IRDA4931', '2025-04-26', '2026-04-26', 'Bajaj Allianz', 'Individual', 1228581.62);
INSERT INTO Insurance VALUES ('POL12930', 40, 'IRDA1147', '2025-04-04', '2026-04-04', 'Star Health', 'Individual', 791843.4);
INSERT INTO Insurance VALUES ('POL61176', 14, 'IRDA5381', '2025-04-29', '2026-04-29', 'Bajaj Allianz', 'Family Floater', 1398694.89);
INSERT INTO Insurance VALUES ('POL27026', 2, 'IRDA5685', '2025-05-29', '2026-05-29', 'Star Health', 'Individual', 1249842.21);
INSERT INTO Insurance VALUES ('POL35470', 16, 'IRDA5160', '2025-05-08', '2026-05-08', 'HDFC ERGO', 'Individual', 1963786.17);
INSERT INTO Insurance VALUES ('POL75548', 31, 'IRDA3582', '2025-04-20', '2026-04-20', 'Bajaj Allianz', 'Individual', 1602370.52);
INSERT INTO Insurance VALUES ('POL27236', 4, 'IRDA2028', '2025-05-28', '2026-05-28', 'New India Assurance', 'Family Floater', 1092330.92);
INSERT INTO Insurance VALUES ('POL77741', 14, 'IRDA5836', '2025-04-11', '2026-04-11', 'ICICI Lombard', 'Individual', 1636027.5);
INSERT INTO Insurance VALUES ('POL61483', 46, 'IRDA7364', '2025-04-25', '2026-04-25', 'ICICI Lombard', 'Family Floater', 1959062.84);
INSERT INTO Insurance VALUES ('POL36998', 37, 'IRDA5025', '2025-04-30', '2026-04-30', 'HDFC ERGO', 'Individual', 1505710.01);
INSERT INTO Insurance VALUES ('POL13711', 42, 'IRDA6719', '2025-05-27', '2026-05-27', 'ICICI Lombard', 'Individual', 1533435.01);
INSERT INTO Insurance VALUES ('POL13170', 20, 'IRDA3367', '2025-04-28', '2026-04-28', 'ICICI Lombard', 'Family Floater', 626297.35);
INSERT INTO Insurance VALUES ('POL61232', 39, 'IRDA8383', '2025-04-14', '2026-04-14', 'Star Health', 'Individual', 981574.57);
INSERT INTO Insurance VALUES ('POL46428', 18, 'IRDA4736', '2025-04-05', '2026-04-05', 'Star Health', 'Family Floater', 880905.44);
INSERT INTO Insurance VALUES ('POL40189', 46, 'IRDA4146', '2025-04-09', '2026-04-09', 'New India Assurance', 'Individual', 1881946.01);
INSERT INTO Insurance VALUES ('POL23652', 33, 'IRDA6359', '2025-05-05', '2026-05-05', 'Star Health', 'Family Floater', 527904.11);
INSERT INTO Insurance VALUES ('POL82001', 18, 'IRDA8963', '2025-04-23', '2026-04-23', 'Bajaj Allianz', 'Individual', 1069733.21);
INSERT INTO Insurance VALUES ('POL80116', 43, 'IRDA4219', '2025-04-01', '2026-04-01', 'ICICI Lombard', 'Family Floater', 1663371.41);
INSERT INTO Medicine VALUES (1, 'Metformin', 397, 462.22);
INSERT INTO Medicine VALUES (2, 'Ciprofloxacin', 98, 449.46);
INSERT INTO Medicine VALUES (3, 'Amlodipine', 299, 463.35);
INSERT INTO Medicine VALUES (4, 'Ciprofloxacin', 40, 228.43);
INSERT INTO Medicine VALUES (5, 'Losartan', 312, 499.71);
INSERT INTO Medicine VALUES (6, 'Ciprofloxacin', 60, 457.09);
INSERT INTO Medicine VALUES (7, 'Paracetamol', 206, 100.2);
INSERT INTO Medicine VALUES (8, 'Metformin', 451, 57.06);
INSERT INTO Medicine VALUES (9, 'Amoxicillin', 493, 306.95);
INSERT INTO Medicine VALUES (10, 'Amlodipine', 122, 346.72);
INSERT INTO Medicine VALUES (11, 'Paracetamol', 175, 287.22);
INSERT INTO Medicine VALUES (12, 'Paracetamol', 340, 308.96);
INSERT INTO Medicine VALUES (13, 'Azithromycin', 49, 93.32);
INSERT INTO Medicine VALUES (14, 'Atorvastatin', 472, 419.97);
INSERT INTO Medicine VALUES (15, 'Metformin', 163, 33.15);
INSERT INTO Medicine VALUES (16, 'Metformin', 63, 361.7);
INSERT INTO Medicine VALUES (17, 'Amoxicillin', 455, 43.06);
INSERT INTO Medicine VALUES (18, 'Azithromycin', 113, 226.2);
INSERT INTO Medicine VALUES (19, 'Amlodipine', 245, 271.34);
INSERT INTO Medicine VALUES (20, 'Losartan', 317, 227.66);
INSERT INTO Medicine VALUES (21, 'Losartan', 88, 142.35);
INSERT INTO Medicine VALUES (22, 'Losartan', 428, 381.05);
INSERT INTO Medicine VALUES (23, 'Azithromycin', 167, 341.83);
INSERT INTO Medicine VALUES (24, 'Atorvastatin', 405, 313.27);
INSERT INTO Medicine VALUES (25, 'Atorvastatin', 418, 215.23);
INSERT INTO Medicine VALUES (26, 'Metformin', 291, 284.6);
INSERT INTO Medicine VALUES (27, 'Azithromycin', 490, 364.8);
INSERT INTO Medicine VALUES (28, 'Azithromycin', 335, 88.28);
INSERT INTO Medicine VALUES (29, 'Metformin', 316, 21.17);
INSERT INTO Medicine VALUES (30, 'Losartan', 74, 65.59);
INSERT INTO Medicine VALUES (31, 'Amlodipine', 138, 472.42);
INSERT INTO Medicine VALUES (32, 'Amoxicillin', 320, 436.71);
INSERT INTO Medicine VALUES (33, 'Metformin', 42, 208.51);
INSERT INTO Medicine VALUES (34, 'Ciprofloxacin', 432, 486.27);
INSERT INTO Medicine VALUES (35, 'Metformin', 360, 45.86);
INSERT INTO Medicine VALUES (36, 'Atorvastatin', 334, 155.6);
INSERT INTO Medicine VALUES (37, 'Amoxicillin', 425, 74.34);
INSERT INTO Medicine VALUES (38, 'Amoxicillin', 87, 199.02);
INSERT INTO Medicine VALUES (39, 'Metformin', 163, 458.28);
INSERT INTO Medicine VALUES (40, 'Amlodipine', 89, 104.28);
INSERT INTO Medicine VALUES (41, 'Atorvastatin', 117, 168.8);
INSERT INTO Medicine VALUES (42, 'Metformin', 394, 379.28);
INSERT INTO Medicine VALUES (43, 'Amlodipine', 285, 64.49);
INSERT INTO Medicine VALUES (44, 'Amlodipine', 219, 228.6);
INSERT INTO Medicine VALUES (45, 'Losartan', 497, 156.66);
INSERT INTO Medicine VALUES (46, 'Azithromycin', 441, 200.08);
INSERT INTO Medicine VALUES (47, 'Metformin', 37, 471.67);
INSERT INTO Medicine VALUES (48, 'Ciprofloxacin', 369, 456.87);
INSERT INTO Medicine VALUES (49, 'Azithromycin', 269, 327.45);
INSERT INTO Medicine VALUES (50, 'Ciprofloxacin', 117, 448.29);
INSERT INTO Prescription VALUES (1, 11, 15, '2025-04-30', 3, 3);
INSERT INTO Prescription VALUES (2, 26, 39, '2025-04-25', 2, 21);
INSERT INTO Prescription VALUES (3, 28, 19, '2025-05-31', 3, 48);
INSERT INTO Prescription VALUES (4, 15, 36, '2025-04-29', 2, 13);
INSERT INTO Prescription VALUES (5, 37, 48, '2025-05-20', 3, 38);
INSERT INTO Prescription VALUES (6, 29, 21, '2025-04-20', 1, 27);
INSERT INTO Prescription VALUES (7, 31, 24, '2025-04-24', 1, 44);
INSERT INTO Prescription VALUES (8, 19, 46, '2025-05-22', 2, 34);
INSERT INTO Prescription VALUES (9, 19, 40, '2025-05-26', 3, 45);
INSERT INTO Prescription VALUES (10, 6, 13, '2025-04-17', 3, 15);
INSERT INTO Prescription VALUES (11, 6, 2, '2025-04-10', 2, 38);
INSERT INTO Prescription VALUES (12, 31, 8, '2025-05-31', 1, 23);
INSERT INTO Prescription VALUES (13, 25, 26, '2025-04-12', 1, 48);
INSERT INTO Prescription VALUES (14, 41, 38, '2025-04-28', 2, 50);
INSERT INTO Prescription VALUES (15, 3, 17, '2025-05-29', 3, 39);
INSERT INTO Prescription VALUES (16, 4, 50, '2025-05-21', 1, 19);
INSERT INTO Prescription VALUES (17, 30, 3, '2025-04-30', 3, 26);
INSERT INTO Prescription VALUES (18, 12, 7, '2025-05-30', 3, 37);
INSERT INTO Prescription VALUES (19, 6, 45, '2025-04-30', 3, 14);
INSERT INTO Prescription VALUES (20, 3, 15, '2025-05-31', 3, 46);
INSERT INTO Prescription VALUES (21, 34, 37, '2025-05-31', 2, 23);
INSERT INTO Prescription VALUES (22, 46, 30, '2025-05-03', 1, 16);
INSERT INTO Prescription VALUES (23, 19, 46, '2025-05-21', 1, 11);
INSERT INTO Prescription VALUES (24, 7, 8, '2025-04-08', 2, 23);
INSERT INTO Prescription VALUES (25, 36, 15, '2025-04-15', 3, 8);
INSERT INTO Prescription VALUES (26, 43, 49, '2025-05-04', 3, 32);
INSERT INTO Prescription VALUES (27, 24, 42, '2025-04-23', 1, 49);
INSERT INTO Prescription VALUES (28, 4, 5, '2025-05-04', 3, 10);
INSERT INTO Prescription VALUES (29, 47, 49, '2025-04-10', 2, 5);
INSERT INTO Prescription VALUES (30, 19, 9, '2025-04-23', 2, 47);
INSERT INTO Prescription VALUES (31, 22, 36, '2025-05-23', 3, 11);
INSERT INTO Prescription VALUES (32, 3, 15, '2025-05-21', 1, 2);
INSERT INTO Prescription VALUES (33, 32, 40, '2025-04-26', 3, 38);
INSERT INTO Prescription VALUES (34, 16, 12, '2025-05-03', 3, 7);
INSERT INTO Prescription VALUES (35, 20, 43, '2025-04-17', 3, 39);
INSERT INTO Prescription VALUES (36, 10, 24, '2025-04-11', 3, 45);
INSERT INTO Prescription VALUES (37, 21, 42, '2025-05-21', 3, 25);
INSERT INTO Prescription VALUES (38, 18, 22, '2025-04-26', 1, 45);
INSERT INTO Prescription VALUES (39, 20, 4, '2025-05-21', 2, 29);
INSERT INTO Prescription VALUES (40, 34, 12, '2025-04-29', 1, 7);
INSERT INTO Prescription VALUES (41, 16, 40, '2025-05-16', 3, 43);
INSERT INTO Prescription VALUES (42, 38, 1, '2025-04-24', 2, 38);
INSERT INTO Prescription VALUES (43, 2, 2, '2025-05-02', 1, 25);
INSERT INTO Prescription VALUES (44, 17, 34, '2025-04-13', 2, 34);
INSERT INTO Prescription VALUES (45, 21, 26, '2025-05-02', 2, 20);
INSERT INTO Prescription VALUES (46, 14, 48, '2025-04-25', 3, 10);
INSERT INTO Prescription VALUES (47, 47, 50, '2025-05-22', 1, 48);
INSERT INTO Prescription VALUES (48, 43, 20, '2025-04-26', 2, 9);
INSERT INTO Prescription VALUES (49, 24, 45, '2025-05-02', 3, 40);
INSERT INTO Prescription VALUES (50, 31, 28, '2025-05-27', 1, 16);
INSERT INTO Medical_History VALUES (1, 44, 'Penicillin', 'Asthma');
INSERT INTO Medical_History VALUES (2, 29, 'None', 'Asthma');
INSERT INTO Medical_History VALUES (3, 17, 'Pollen', 'Hypertension');
INSERT INTO Medical_History VALUES (4, 35, 'None', 'Hypertension');
INSERT INTO Medical_History VALUES (5, 30, 'Peanuts', 'None');
INSERT INTO Medical_History VALUES (6, 28, 'Pollen', 'Asthma');
INSERT INTO Medical_History VALUES (7, 4, 'Dust', 'None');
INSERT INTO Medical_History VALUES (8, 15, 'Pollen', 'Hypertension');
INSERT INTO Medical_History VALUES (9, 46, 'Peanuts', 'None');
INSERT INTO Medical_History VALUES (10, 30, 'Peanuts', 'None');
INSERT INTO Medical_History VALUES (11, 50, 'Pollen', 'Asthma');
INSERT INTO Medical_History VALUES (12, 27, 'Pollen', 'Hypertension');
INSERT INTO Medical_History VALUES (13, 16, 'None', 'None');
INSERT INTO Medical_History VALUES (14, 2, 'Dust', 'Hypertension');
INSERT INTO Medical_History VALUES (15, 19, 'Peanuts', 'Diabetes');
INSERT INTO Medical_History VALUES (16, 37, 'Pollen', 'None');
INSERT INTO Medical_History VALUES (17, 23, 'Pollen', 'Diabetes');
INSERT INTO Medical_History VALUES (18, 18, 'None', 'Asthma');
INSERT INTO Medical_History VALUES (19, 49, 'None', 'Hypertension');
INSERT INTO Medical_History VALUES (20, 30, 'Pollen', 'Hypertension');
INSERT INTO Medical_History VALUES (21, 1, 'Dust', 'None');
INSERT INTO Medical_History VALUES (22, 29, 'Dust', 'Hypertension');
INSERT INTO Medical_History VALUES (23, 34, 'Penicillin', 'None');
INSERT INTO Medical_History VALUES (24, 36, 'Peanuts', 'Hypertension');
INSERT INTO Medical_History VALUES (25, 19, 'Peanuts', 'Hypertension');
INSERT INTO Medical_History VALUES (26, 43, 'None', 'None');
INSERT INTO Medical_History VALUES (27, 44, 'Peanuts', 'Asthma');
INSERT INTO Medical_History VALUES (28, 7, 'Peanuts', 'None');
INSERT INTO Medical_History VALUES (29, 21, 'Penicillin', 'None');
INSERT INTO Medical_History VALUES (30, 32, 'None', 'Hypertension');
INSERT INTO Medical_History VALUES (31, 44, 'Pollen', 'Hypertension');
INSERT INTO Medical_History VALUES (32, 24, 'Peanuts', 'Diabetes');
INSERT INTO Medical_History VALUES (33, 50, 'Dust', 'Diabetes');
INSERT INTO Medical_History VALUES (34, 49, 'None', 'Asthma');
INSERT INTO Medical_History VALUES (35, 33, 'Dust', 'Hypertension');
INSERT INTO Medical_History VALUES (36, 46, 'Peanuts', 'Asthma');
INSERT INTO Medical_History VALUES (37, 18, 'Peanuts', 'Hypertension');
INSERT INTO Medical_History VALUES (38, 31, 'Dust', 'None');
INSERT INTO Medical_History VALUES (39, 34, 'None', 'Asthma');
INSERT INTO Medical_History VALUES (40, 47, 'Pollen', 'Asthma');
INSERT INTO Medical_History VALUES (41, 3, 'None', 'Asthma');
INSERT INTO Medical_History VALUES (42, 18, 'Penicillin', 'None');
INSERT INTO Medical_History VALUES (43, 43, 'Peanuts', 'Diabetes');
INSERT INTO Medical_History VALUES (44, 5, 'Pollen', 'Diabetes');
INSERT INTO Medical_History VALUES (45, 8, 'Pollen', 'None');
INSERT INTO Medical_History VALUES (46, 20, 'Penicillin', 'Diabetes');
INSERT INTO Medical_History VALUES (47, 18, 'Pollen', 'Hypertension');
INSERT INTO Medical_History VALUES (48, 2, 'None', 'Hypertension');
INSERT INTO Medical_History VALUES (49, 41, 'Peanuts', 'Diabetes');
INSERT INTO Medical_History VALUES (50, 25, 'Dust', 'Asthma');
INSERT INTO Appointment VALUES (1, '2025-04-25', 'Friday', 46, 39);
INSERT INTO Appointment VALUES (2, '2025-05-12', 'Monday', 18, 17);
INSERT INTO Appointment VALUES (3, '2025-05-26', 'Monday', 9, 6);
INSERT INTO Appointment VALUES (4, '2025-04-17', 'Thursday', 24, 7);
INSERT INTO Appointment VALUES (5, '2025-04-06', 'Sunday', 22, 17);
INSERT INTO Appointment VALUES (6, '2025-05-06', 'Tuesday', 21, 39);
INSERT INTO Appointment VALUES (7, '2025-05-06', 'Tuesday', 6, 26);
INSERT INTO Appointment VALUES (8, '2025-04-23', 'Wednesday', 31, 48);
INSERT INTO Appointment VALUES (9, '2025-04-18', 'Friday', 50, 5);
INSERT INTO Appointment VALUES (10, '2025-04-01', 'Tuesday', 26, 9);
INSERT INTO Appointment VALUES (11, '2025-04-12', 'Saturday', 1, 29);
INSERT INTO Appointment VALUES (12, '2025-04-24', 'Thursday', 3, 48);
INSERT INTO Appointment VALUES (13, '2025-05-31', 'Saturday', 5, 8);
INSERT INTO Appointment VALUES (14, '2025-04-22', 'Tuesday', 6, 4);
INSERT INTO Appointment VALUES (15, '2025-04-27', 'Sunday', 25, 34);
INSERT INTO Appointment VALUES (16, '2025-04-18', 'Friday', 21, 38);
INSERT INTO Appointment VALUES (17, '2025-04-09', 'Wednesday', 34, 31);
INSERT INTO Appointment VALUES (18, '2025-05-30', 'Friday', 47, 38);
INSERT INTO Appointment VALUES (19, '2025-05-02', 'Friday', 44, 21);
INSERT INTO Appointment VALUES (20, '2025-04-15', 'Tuesday', 41, 2);
INSERT INTO Appointment VALUES (21, '2025-04-12', 'Saturday', 34, 29);
INSERT INTO Appointment VALUES (22, '2025-05-05', 'Monday', 5, 6);
INSERT INTO Appointment VALUES (23, '2025-05-16', 'Friday', 28, 38);
INSERT INTO Appointment VALUES (24, '2025-04-10', 'Thursday', 29, 48);
INSERT INTO Appointment VALUES (25, '2025-05-06', 'Tuesday', 29, 45);
INSERT INTO Appointment VALUES (26, '2025-05-20', 'Tuesday', 35, 44);
INSERT INTO Appointment VALUES (27, '2025-04-13', 'Sunday', 33, 17);
INSERT INTO Appointment VALUES (28, '2025-05-20', 'Tuesday', 33, 44);
INSERT INTO Appointment VALUES (29, '2025-05-03', 'Saturday', 33, 34);
INSERT INTO Appointment VALUES (30, '2025-04-05', 'Saturday', 6, 10);
INSERT INTO Appointment VALUES (31, '2025-05-08', 'Thursday', 10, 11);
INSERT INTO Appointment VALUES (32, '2025-05-31', 'Saturday', 45, 40);
INSERT INTO Appointment VALUES (33, '2025-05-18', 'Sunday', 46, 6);
INSERT INTO Appointment VALUES (34, '2025-04-20', 'Sunday', 11, 22);
INSERT INTO Appointment VALUES (35, '2025-05-25', 'Sunday', 9, 37);
INSERT INTO Appointment VALUES (36, '2025-04-06', 'Sunday', 6, 35);
INSERT INTO Appointment VALUES (37, '2025-04-16', 'Wednesday', 27, 44);
INSERT INTO Appointment VALUES (38, '2025-04-26', 'Saturday', 10, 2);
INSERT INTO Appointment VALUES (39, '2025-05-06', 'Tuesday', 8, 39);
INSERT INTO Appointment VALUES (40, '2025-05-07', 'Wednesday', 6, 45);
INSERT INTO Appointment VALUES (41, '2025-04-01', 'Tuesday', 27, 7);
INSERT INTO Appointment VALUES (42, '2025-04-18', 'Friday', 35, 3);
INSERT INTO Appointment VALUES (43, '2025-04-21', 'Monday', 9, 1);
INSERT INTO Appointment VALUES (44, '2025-04-05', 'Saturday', 39, 3);
INSERT INTO Appointment VALUES (45, '2025-04-08', 'Tuesday', 13, 31);
INSERT INTO Appointment VALUES (46, '2025-05-25', 'Sunday', 7, 18);
INSERT INTO Appointment VALUES (47, '2025-05-24', 'Saturday', 37, 2);
INSERT INTO Appointment VALUES (48, '2025-04-15', 'Tuesday', 5, 19);
INSERT INTO Appointment VALUES (49, '2025-05-05', 'Monday', 14, 26);
INSERT INTO Appointment VALUES (50, '2025-05-21', 'Wednesday', 17, 38);
INSERT INTO Room VALUES (1, 'General Ward', 1, 50, 4562.88);
INSERT INTO Room VALUES (2, 'ICU', 29, NULL, 8624.59);
INSERT INTO Room VALUES (3, 'ICU', 44, NULL, 4799.61);
INSERT INTO Room VALUES (4, 'General Ward', NULL, 49, 1710.58);
INSERT INTO Room VALUES (5, 'Semi-Private', 41, NULL, 6245.04);
INSERT INTO Room VALUES (6, 'General Ward', NULL, NULL, 4944.23);
INSERT INTO Room VALUES (7, 'General Ward', NULL, 33, 2695.4);
INSERT INTO Room VALUES (8, 'Semi-Private', 17, 47, 1191.73);
INSERT INTO Room VALUES (9, 'Semi-Private', 14, NULL, 5636.04);
INSERT INTO Room VALUES (10, 'General Ward', NULL, 1, 5399.06);
INSERT INTO Room VALUES (11, 'Semi-Private', NULL, NULL, 7254.32);
INSERT INTO Room VALUES (12, 'Private', 28, NULL, 2937.73);
INSERT INTO Room VALUES (13, 'ICU', NULL, 15, 5408.6);
INSERT INTO Room VALUES (14, 'Private', 28, 45, 5453.64);
INSERT INTO Room VALUES (15, 'Semi-Private', NULL, 17, 5940.73);
INSERT INTO Room VALUES (16, 'Semi-Private', NULL, 49, 2250.52);
INSERT INTO Room VALUES (17, 'Semi-Private', NULL, NULL, 8757.24);
INSERT INTO Room VALUES (18, 'General Ward', NULL, NULL, 9781.5);
INSERT INTO Room VALUES (19, 'Private', 35, 14, 2797.04);
INSERT INTO Room VALUES (20, 'Semi-Private', NULL, NULL, 2518.27);
INSERT INTO Room VALUES (21, 'General Ward', NULL, NULL, 9385.66);
INSERT INTO Room VALUES (22, 'Private', 45, NULL, 5386.76);
INSERT INTO Room VALUES (23, 'General Ward', NULL, 24, 4246.54);
INSERT INTO Room VALUES (24, 'Semi-Private', NULL, 28, 3063.97);
INSERT INTO Room VALUES (25, 'Semi-Private', 18, NULL, 8741.51);
INSERT INTO Room VALUES (26, 'Semi-Private', NULL, NULL, 8842.34);
INSERT INTO Room VALUES (27, 'ICU', 45, NULL, 7155.93);
INSERT INTO Room VALUES (28, 'Private', NULL, NULL, 9381.84);
INSERT INTO Room VALUES (29, 'ICU', NULL, NULL, 1895.71);
INSERT INTO Room VALUES (30, 'General Ward', 21, NULL, 8757.19);
INSERT INTO Room VALUES (31, 'Semi-Private', NULL, NULL, 3281.81);
INSERT INTO Room VALUES (32, 'Semi-Private', NULL, NULL, 9532.14);
INSERT INTO Room VALUES (33, 'Private', 15, NULL, 2330.74);
INSERT INTO Room VALUES (34, 'Private', NULL, 46, 9549.2);
INSERT INTO Room VALUES (35, 'ICU', NULL, NULL, 4475.86);
INSERT INTO Room VALUES (36, 'Semi-Private', 47, NULL, 6909.46);
INSERT INTO Room VALUES (37, 'ICU', 21, 35, 8307.94);
INSERT INTO Room VALUES (38, 'Private', 50, 12, 5990.23);
INSERT INTO Room VALUES (39, 'ICU', 6, 41, 5298.45);
INSERT INTO Room VALUES (40, 'Private', NULL, 33, 1476.63);
INSERT INTO Room VALUES (41, 'General Ward', 45, NULL, 5652.2);
INSERT INTO Room VALUES (42, 'ICU', 36, 1, 3296.35);
INSERT INTO Room VALUES (43, 'Semi-Private', 6, NULL, 7879.57);
INSERT INTO Room VALUES (44, 'General Ward', 16, 49, 4819.44);
INSERT INTO Room VALUES (45, 'General Ward', NULL, 7, 3579.45);
INSERT INTO Room VALUES (46, 'Private', NULL, 37, 4470.84);
INSERT INTO Room VALUES (47, 'Private', NULL, NULL, 9635.81);
INSERT INTO Room VALUES (48, 'ICU', NULL, 2, 5112.43);
INSERT INTO Room VALUES (49, 'Private', 12, NULL, 2775.09);
INSERT INTO Room VALUES (50, 'Semi-Private', NULL, 21, 8857.15);
INSERT INTO Bill VALUES (1, '2025-04-13', 2628.4, 1878.19, 1445.64, 455.21, 6407.4400000000005, 13, 1876.52, 'POL46845');
INSERT INTO Bill VALUES (2, '2025-04-19', 6296.14, 2188.86, 1319.38, 583.48, 10387.86, 33, 1412.2, 'POL85169');
INSERT INTO Bill VALUES (3, '2025-04-04', 6711.11, 1970.58, 1230.07, 796.39, 10708.149999999998, 35, 3471.97, 'POL56105');
INSERT INTO Bill VALUES (4, '2025-04-17', 1882.31, 762.67, 378.95, 1147.27, 4171.2, 42, 76.42, 'POL56105');
INSERT INTO Bill VALUES (5, '2025-05-23', 1245.13, 1352.51, 206.76, 1581.29, 4385.6900000000005, 32, 4332.33, 'POL27026');
INSERT INTO Bill VALUES (6, '2025-05-10', 1991.34, 1624.02, 1173.96, 1094.64, 5883.96, 17, 534.68, 'POL73584');
INSERT INTO Bill VALUES (7, '2025-04-06', 1574.82, 1742.5, 376.64, 217.33, 3911.2899999999995, 20, 303.3, 'POL17235');
INSERT INTO Bill VALUES (8, '2025-04-10', 1652.41, 1987.41, 1178.25, 653.64, 5471.71, 27, 17.53, 'POL87663');
INSERT INTO Bill VALUES (9, '2025-04-16', 2255.81, 1131.55, 1403.22, 792.47, 5583.05, 17, 3478.57, 'POL75423');
INSERT INTO Bill VALUES (10, '2025-04-02', 5987.94, 2061.48, 331.99, 973.18, 9354.59, 21, 3895.2, 'POL40189');
INSERT INTO Bill VALUES (11, '2025-04-13', 3341.8, 1558.54, 892.04, 1078.84, 6871.22, 8, 6584.57, 'POL96592');
INSERT INTO Bill VALUES (12, '2025-04-27', 3151.75, 911.49, 1217.94, 1201.7, 6482.88, 43, 1382.47, 'POL36998');
INSERT INTO Bill VALUES (13, '2025-05-21', 5127.85, 1240.46, 520.72, 1139.26, 8028.290000000001, 25, 3922.82, 'POL46845');
INSERT INTO Bill VALUES (14, '2025-05-30', 7452.54, 447.29, 1251.12, 1538.48, 10689.43, 43, 371.34, 'POL12930');
INSERT INTO Bill VALUES (15, '2025-05-27', 5162.75, 823.59, 1064.42, 794.92, 7845.68, 41, 1358.51, 'POL70642');
INSERT INTO Bill VALUES (16, '2025-05-02', 4611.58, 855.74, 1029.35, 1358.84, 7855.51, 25, 5914.98, 'POL85169');
INSERT INTO Bill VALUES (17, '2025-04-11', 5626.03, 650.32, 1131.35, 1591.23, 8998.929999999998, 1, 2317.54, 'POL72950');
INSERT INTO Bill VALUES (18, '2025-05-11', 2688.32, 2419.01, 988.38, 940.17, 7035.88, 47, 377.1, 'POL53214');
INSERT INTO Bill VALUES (19, '2025-04-15', 5123.54, 2432.89, 1409.6, 725.59, 9691.62, 25, 1516.63, 'POL16807');
INSERT INTO Bill VALUES (20, '2025-05-07', 6836.95, 1778.0, 1082.45, 1003.31, 10700.710000000001, 12, 8911.11, 'POL21761');
INSERT INTO Bill VALUES (21, '2025-04-19', 3549.27, 1058.01, 1360.42, 1901.83, 7869.53, 48, 5551.18, 'POL96592');
INSERT INTO Bill VALUES (22, '2025-04-21', 2641.91, 1931.99, 1300.15, 964.88, 6838.929999999999, 25, 1154.83, 'POL96592');
INSERT INTO Bill VALUES (23, '2025-04-13', 1381.21, 1802.77, 977.6, 970.18, 5131.76, 11, 332.56, 'POL96592');
INSERT INTO Bill VALUES (24, '2025-05-16', 1220.21, 915.79, 671.89, 1673.71, 4481.6, 12, 2108.33, 'POL20655');
INSERT INTO Bill VALUES (25, '2025-04-27', 2804.52, 884.29, 379.59, 403.54, 4471.9400000000005, 50, 3210.7, 'POL96592');
INSERT INTO Bill VALUES (26, '2025-04-14', 1182.82, 859.0, 305.24, 1880.46, 4227.52, 17, 3564.61, 'POL70291');
INSERT INTO Bill VALUES (27, '2025-05-09', 5222.79, 1395.82, 1175.59, 526.87, 8321.07, 38, 6091.69, 'POL46428');
INSERT INTO Bill VALUES (28, '2025-05-06', 3917.64, 1575.31, 578.01, 1373.36, 7444.32, 47, 6469.29, 'POL70642');
INSERT INTO Bill VALUES (29, '2025-04-19', 3007.08, 1835.75, 166.39, 1448.69, 6457.91, 40, 1565.27, 'POL23652');
INSERT INTO Bill VALUES (30, '2025-04-02', 1220.33, 2233.77, 190.49, 133.73, 3778.32, 42, 3453.69, 'POL27236');
INSERT INTO Bill VALUES (31, '2025-04-13', 6308.18, 1076.46, 667.03, 172.68, 8224.35, 44, 4780.85, 'POL28675');
INSERT INTO Bill VALUES (32, '2025-04-14', 5388.39, 1664.86, 1072.89, 1986.37, 10112.51, 20, 3269.92, 'POL12930');
INSERT INTO Bill VALUES (33, '2025-04-08', 6955.84, 2466.21, 698.7, 1520.78, 11641.53, 27, 7463.96, 'POL17235');
INSERT INTO Bill VALUES (34, '2025-04-20', 2649.18, 2066.34, 531.3, 773.21, 6020.030000000001, 23, 5668.55, 'POL70164');
INSERT INTO Bill VALUES (35, '2025-04-08', 5180.22, 1416.68, 1183.24, 1057.14, 8837.28, 4, 8196.07, 'POL56105');
INSERT INTO Bill VALUES (36, '2025-05-23', 4351.7, 2450.6, 146.76, 562.77, 7511.83, 32, 6602.0, 'POL96592');
INSERT INTO Bill VALUES (37, '2025-04-26', 7442.84, 2008.51, 508.04, 766.1, 10725.490000000002, 18, 8727.0, 'POL96592');
INSERT INTO Bill VALUES (38, '2025-05-26', 5405.08, 382.04, 681.22, 1191.58, 7659.92, 45, 930.95, 'POL61176');
INSERT INTO Bill VALUES (39, '2025-04-10', 7802.28, 1928.96, 995.68, 898.68, 11625.6, 41, 9492.91, 'POL21761');
INSERT INTO Bill VALUES (40, '2025-04-23', 6157.87, 1897.92, 1120.81, 1434.69, 10611.29, 29, 9349.75, 'POL20655');
INSERT INTO Bill VALUES (41, '2025-04-05', 4357.45, 1256.15, 161.92, 1971.53, 7747.05, 20, 101.9, 'POL13170');
INSERT INTO Bill VALUES (42, '2025-05-07', 6038.38, 1346.65, 399.5, 1689.54, 9474.07, 39, 9302.79, 'POL35470');
INSERT INTO Bill VALUES (43, '2025-05-15', 4187.1, 554.73, 607.24, 1799.33, 7148.4, 13, 1532.67, 'POL54063');
INSERT INTO Bill VALUES (44, '2025-05-18', 2798.43, 1743.13, 1220.57, 620.79, 6382.919999999999, 7, 3461.31, 'POL27236');
INSERT INTO Bill VALUES (45, '2025-04-02', 3729.23, 1436.71, 452.43, 1587.28, 7205.650000000001, 14, 1857.57, 'POL27236');
INSERT INTO Bill VALUES (46, '2025-04-29', 4528.33, 606.7, 900.67, 642.85, 6678.55, 44, 6036.48, 'POL27236');
INSERT INTO Bill VALUES (47, '2025-04-08', 2486.38, 1465.01, 1015.08, 1516.59, 6483.06, 35, 5668.0, 'POL20655');
INSERT INTO Bill VALUES (48, '2025-04-28', 2386.47, 1851.0, 1357.21, 1654.86, 7249.539999999999, 12, 6365.41, 'POL54063');
INSERT INTO Bill VALUES (49, '2025-05-30', 6932.52, 526.37, 220.27, 406.42, 8085.580000000001, 7, 6151.04, 'POL80116');
INSERT INTO Bill VALUES (50, '2025-05-26', 2261.15, 1116.07, 745.86, 84.92, 4208.0, 40, 2509.05, 'POL82001');
INSERT INTO Doctor_Schedule VALUES (1, 33, 'Saturday', '09:00:00', '10:00:00', 30);
INSERT INTO Doctor_Schedule VALUES (2, 23, 'Saturday', '12:00:00', '13:00:00', 60);
INSERT INTO Doctor_Schedule VALUES (3, 8, 'Sunday', '15:00:00', '16:00:00', 30);
INSERT INTO Doctor_Schedule VALUES (4, 8, 'Wednesday', '15:00:00', '16:00:00', 60);
INSERT INTO Doctor_Schedule VALUES (5, 47, 'Thursday', '12:00:00', '13:00:00', 30);
INSERT INTO Doctor_Schedule VALUES (6, 1, 'Monday', '15:00:00', '16:00:00', 15);
INSERT INTO Doctor_Schedule VALUES (7, 41, 'Tuesday', '15:00:00', '17:00:00', 60);
INSERT INTO Doctor_Schedule VALUES (8, 5, 'Tuesday', '11:00:00', '13:00:00', 15);
INSERT INTO Doctor_Schedule VALUES (9, 21, 'Thursday', '12:00:00', '14:00:00', 60);
INSERT INTO Doctor_Schedule VALUES (10, 3, 'Monday', '09:00:00', '11:00:00', 15);
INSERT INTO Doctor_Schedule VALUES (11, 10, 'Thursday', '15:00:00', '16:00:00', 30);
INSERT INTO Doctor_Schedule VALUES (12, 10, 'Saturday', '16:00:00', '17:00:00', 60);
INSERT INTO Doctor_Schedule VALUES (13, 16, 'Thursday', '10:00:00', '11:00:00', 60);
INSERT INTO Doctor_Schedule VALUES (14, 21, 'Sunday', '11:00:00', '12:00:00', 15);
INSERT INTO Doctor_Schedule VALUES (15, 31, 'Sunday', '16:00:00', '17:00:00', 60);
INSERT INTO Doctor_Schedule VALUES (16, 18, 'Tuesday', '10:00:00', '11:00:00', 60);
INSERT INTO Doctor_Schedule VALUES (17, 8, 'Thursday', '12:00:00', '14:00:00', 30);
INSERT INTO Doctor_Schedule VALUES (18, 22, 'Thursday', '13:00:00', '15:00:00', 30);
INSERT INTO Doctor_Schedule VALUES (19, 3, 'Thursday', '16:00:00', '17:00:00', 15);
INSERT INTO Doctor_Schedule VALUES (20, 47, 'Sunday', '11:00:00', '12:00:00', 60);
INSERT INTO Doctor_Schedule VALUES (21, 10, 'Wednesday', '13:00:00', '14:00:00', 60);
INSERT INTO Doctor_Schedule VALUES (22, 32, 'Monday', '13:00:00', '15:00:00', 60);
INSERT INTO Doctor_Schedule VALUES (23, 27, 'Saturday', '16:00:00', '18:00:00', 15);
INSERT INTO Doctor_Schedule VALUES (24, 16, 'Sunday', '16:00:00', '17:00:00', 60);
INSERT INTO Doctor_Schedule VALUES (25, 33, 'Saturday', '16:00:00', '17:00:00', 15);
INSERT INTO Doctor_Schedule VALUES (26, 39, 'Thursday', '09:00:00', '10:00:00', 30);
INSERT INTO Doctor_Schedule VALUES (27, 43, 'Friday', '16:00:00', '18:00:00', 15);
INSERT INTO Doctor_Schedule VALUES (28, 50, 'Friday', '09:00:00', '10:00:00', 30);
INSERT INTO Doctor_Schedule VALUES (29, 20, 'Friday', '15:00:00', '16:00:00', 30);
INSERT INTO Doctor_Schedule VALUES (30, 10, 'Wednesday', '15:00:00', '17:00:00', 30);
INSERT INTO Doctor_Schedule VALUES (31, 48, 'Monday', '16:00:00', '18:00:00', 15);
INSERT INTO Doctor_Schedule VALUES (32, 28, 'Thursday', '10:00:00', '12:00:00', 15);
INSERT INTO Doctor_Schedule VALUES (33, 2, 'Saturday', '16:00:00', '17:00:00', 15);
INSERT INTO Doctor_Schedule VALUES (34, 21, 'Wednesday', '09:00:00', '10:00:00', 15);
INSERT INTO Doctor_Schedule VALUES (35, 47, 'Sunday', '12:00:00', '14:00:00', 15);
INSERT INTO Doctor_Schedule VALUES (36, 36, 'Friday', '13:00:00', '14:00:00', 30);
INSERT INTO Doctor_Schedule VALUES (37, 9, 'Tuesday', '13:00:00', '14:00:00', 15);
INSERT INTO Doctor_Schedule VALUES (38, 26, 'Thursday', '10:00:00', '12:00:00', 60);
INSERT INTO Doctor_Schedule VALUES (39, 25, 'Friday', '12:00:00', '13:00:00', 60);
INSERT INTO Doctor_Schedule VALUES (40, 45, 'Monday', '11:00:00', '13:00:00', 30);
INSERT INTO Doctor_Schedule VALUES (41, 5, 'Saturday', '10:00:00', '12:00:00', 15);
INSERT INTO Doctor_Schedule VALUES (42, 45, 'Wednesday', '16:00:00', '18:00:00', 15);
INSERT INTO Doctor_Schedule VALUES (43, 42, 'Sunday', '14:00:00', '16:00:00', 60);
INSERT INTO Doctor_Schedule VALUES (44, 4, 'Sunday', '16:00:00', '18:00:00', 60);
INSERT INTO Doctor_Schedule VALUES (45, 14, 'Sunday', '14:00:00', '16:00:00', 15);
INSERT INTO Doctor_Schedule VALUES (46, 5, 'Friday', '11:00:00', '12:00:00', 15);
INSERT INTO Doctor_Schedule VALUES (47, 42, 'Sunday', '10:00:00', '11:00:00', 30);
INSERT INTO Doctor_Schedule VALUES (48, 5, 'Friday', '10:00:00', '11:00:00', 60);
INSERT INTO Doctor_Schedule VALUES (49, 23, 'Friday', '12:00:00', '13:00:00', 15);
INSERT INTO Doctor_Schedule VALUES (50, 11, 'Wednesday', '09:00:00', '10:00:00', 60);
SET FOREIGN_KEY_CHECKS = 1;